T_DB (K),P (Pa),x_w (mol/mol),x_w_sat(mol/hmol),x_w_gas (mol/mol),h_gas (J/mol),s_gas (J/mol/K),v_gas (m3/mol),x_w_liq (mol/mol),h_liq (J/mol),s_liq (J/mol/K),v_liq (m3/mol),x_gas (mol/mol),RH,T_WB (K)
303.043259,133405.259,0.08351556,0.031807086,0.031807086,2305.007919,5.813698165,0.01887721,1,2259.215825,7.841028925,1.81E-05,0.946592799,1,303.043259
282.970372,127844.0135,0.04617824,0.009538678,0.009538678,714.0575233,0.707602148,0.018391147,1,745.6732925,2.673689473,1.80E-05,0.963007579,1,282.970372
330.819693,180645.4733,0.0443108,0.099818555,0.0443108,3683.012417,7.735822097,0.015220692,1,4351.851829,14.44530248,1.83E-05,1,0.443913458,317.861742
316.212136,81436.747,0.00166082,0.107036886,0.00166082,1331.394859,6.393538142,0.032278971,1,3249.905421,11.04417023,1.82E-05,1,0.015516333,287.4828899
253.612089,137140.7635,0.10093816,0.000791752,0.000791752,-536.7671325,-4.538154542,0.015356875,1,0,0,0,0.899774238,1,253.612089
340.959208,168233.3433,0.07909619,0.169956871,0.07909619,5557.479579,14.30055737,0.016842898,1,5116.325222,16.72211402,1.84E-05,1,0.465389775,326.7258789
306.835671,179070.4405,0.13269933,0.029413782,0.029413782,2304.979141,3.359020836,0.014237999,1,2545.504147,8.777166679,1.81E-05,0.893584366,1,306.835671
253.521356,130418.2525,0.10710272,0.000825128,0.000825128,-537.295215,-4.122707817,0.016143601,1,0,0,0,0.893634643,1,253.521356
245.119334,170425.6498,0.19074947,0.000275534,0.000275534,-810.8084538,-7.443714962,0.011937151,1,0,0,0,0.809473567,1,245.119334
321.764099,119930.4597,0.08378986,0.096664105,0.08378986,5204.613163,16.07960087,0.022293726,1,3668.627999,12.35466545,1.82E-05,1,0.866814629,319.3024832
364.721158,103607.3171,0.19328166,0.721583904,0.19328166,11450.78872,36.24470335,0.029246304,1,6911.980263,21.81645714,1.87E-05,1,0.267857499,334.9256813
256.462864,87975.7094,0.0219286,0.001612469,0.001612469,-412.33853,-0.361077504,0.024219599,1,0,0,0,0.979651057,1,256.462864
309.748528,161692.9725,0.12798826,0.038248406,0.038248406,2790.446699,5.820464978,0.015918488,1,2764.524183,9.48862381,1.81E-05,0.906691234,1,309.748528
338.074163,66587.4903,0.01600824,0.376481373,0.01600824,2620.749931,12.37180054,0.042210876,1,4897.142181,16.08204122,1.84E-05,1,0.042520669,296.242581
348.376831,132184.3452,0.05488338,0.296925909,0.05488338,4682.527062,13.42875824,0.021909131,1,5675.829083,18.34741463,1.85E-05,1,0.184838636,318.3863777
371.091861,134866.5646,0.1965313,0.701794467,0.1965313,11787.18826,35.00938723,0.022856612,1,7395.581377,23.12936339,1.88E-05,1,0.280041108,341.1484755
267.11971,154218.8468,0.00124875,0.002399623,0.00124875,-123.8327215,-3.923430611,0.014386075,1,0,0,0,1,0.520394227,265.6150642
322.137652,174926.5536,0.03772093,0.06762085,0.03772093,3129.910682,6.237514777,0.015304914,1,3697.621241,12.44160742,1.82E-05,1,0.557829868,313.5119105
359.737693,112389.2764,0.00877359,0.550881236,0.00877359,2924.588294,8.673953829,0.026613903,1,6534.642691,20.77428107,1.86E-05,1,0.015926464,305.5431007
346.056424,113259.6763,0.11532326,0.314055619,0.11532326,7354.1483,23.18420273,0.025391564,1,5500.293398,17.84286859,1.85E-05,1,0.367206486,326.203302
276.157103,66439.7689,0.12115733,0.011448554,0.011448554,606.0864502,5.758742515,0.034544894,1,228.7896146,0.828648112,1.80E-05,0.889020671,1,276.157103
362.58305,170971.5553,0.07416813,0.405183902,0.07416813,5975.427903,15.27871352,0.017629106,1,6750.924118,21.37011244,1.87E-05,1,0.183048067,328.7280631
301.001353,134154.7988,0.01120795,0.028102131,0.01120795,1315.519773,2.37788562,0.018646617,1,2105.465466,7.331912516,1.81E-05,1,0.398829191,292.4413615
301.128944,190543.1481,0.03590549,0.019965108,0.019965108,1710.582601,0.840326083,0.013130966,1,2116.00613,7.363536992,1.81E-05,0.983734883,1,301.128944
348.116722,177266.7361,0.14026081,0.219339079,0.14026081,8537.638182,23.09708573,0.016311314,1,5656.83541,18.29048134,1.85E-05,1,0.639470223,338.7044477
338.220587,89819.0844,0.196749,0.281236591,0.196749,10806.68156,35.62104324,0.03127433,1,4908.534768,16.11447015,1.84E-05,1,0.699585354,330.8910683
338.571794,108445.9353,0.0005856,0.236775559,0.0005856,1933.910868,5.808558049,0.025956321,1,4935.307074,16.19257398,1.84E-05,1,0.002473228,296.9922659
263.630685,92217.3064,0.17507213,0.002952373,0.002952373,-143.6520619,0.28090628,0.023752896,1,0,0,0,0.827370577,1,263.630685
293.117877,125634.2911,0.14244791,0.018673344,0.018673344,1422.486682,3.32663868,0.019387827,1,1511.40487,5.332506691,1.80E-05,0.873870169,1,293.117877
282.285177,190355.769,0.08525943,0.00613011,0.00613011,535.7528748,-3.2422051,0.012317936,1,694.981039,2.49034337,1.80E-05,0.920382617,1,282.285177
306.886589,104833.9248,0.06173153,0.050284368,0.050284368,3253.898269,10.94869616,0.024327845,1,2548.1313,8.790110505,1.81E-05,0.987946748,1,306.886589
308.309626,171819.3314,0.06911839,0.033265283,0.033265283,2522.56048,4.427844629,0.014910438,1,2656.35692,9.138006211,1.81E-05,0.96291319,1,308.309626
272.485515,137188.5092,0.04324762,0.004240319,0.004240319,168.7220433,-1.852046631,0.016500135,1,0,0,0,0.960826592,1,272.485515
286.688032,173383.7307,0.03748242,0.009006037,0.009006037,795.2299977,-1.540574943,0.013736739,1,1027.258995,3.659435732,1.80E-05,0.971264827,1,286.688032
279.478675,185401.2483,0.10902233,0.005196499,0.005196499,412.1033529,-3.468171921,0.012520985,1,482.5983045,1.734525909,1.80E-05,0.895631819,1,279.478675
345.233258,95050.5157,0.19997604,0.361060616,0.19997604,11164.39497,36.20533784,0.030167092,1,5437.867698,17.66323411,1.84E-05,1,0.553857251,332.7418967
254.269131,173602.5587,0.1935307,0.000666951,0.000666951,-526.5480145,-6.456091066,0.012159241,1,0,0,0,0.807007535,1,254.269131
323.203198,185542.0746,0.16826231,0.067247531,0.067247531,4494.347785,10.18966267,0.014473148,1,3778.045766,12.6902546,1.82E-05,0.89170248,1,323.203198
373.183179,126863.1478,0.08620741,0.803020698,0.08620741,6839.890369,20.35580103,0.024454709,1,7554.254916,23.55615253,1.88E-05,1,0.107353908,326.4157
367.662057,150161.0245,0.13788781,0.557204418,0.13788781,9020.541551,25.79406429,0.020346403,1,7135.574013,22.42467473,1.87E-05,1,0.247463598,336.5776944
274.856389,139182.4086,0.08190844,0.004993805,0.004993805,271.653382,-1.593843739,0.016405711,1,131.4115118,0.470439626,1.80E-05,0.92269934,1,274.856389
286.934721,55640.91,0.0648793,0.028412594,0.028412594,1686.162428,10.98705732,0.042863238,1,1043.839249,3.724645523,1.80E-05,0.96246688,1,286.934721
331.301469,55853.6233,0.05735692,0.328967332,0.05735692,4296.115159,19.48552793,0.049310352,1,4386.267992,14.55615913,1.83E-05,1,0.174354455,302.8690542
334.772701,176478.4526,0.02834768,0.122762032,0.02834768,3077.054888,5.875898606,0.01576855,1,4649.795602,15.340816,1.83E-05,1,0.230915696,313.2401776
302.047138,57903.6124,0.12666936,0.069039762,0.069039762,3962.053512,18.1615168,0.043354983,1,2182.962034,7.593502338,1.81E-05,0.938096606,1,302.047138
296.946303,55732.2201,0.17306835,0.053072727,0.053072727,3091.737587,15.65509958,0.04428533,1,1798.723443,6.31065402,1.81E-05,0.873278945,1,296.946303
308.85661,149290.7706,0.05120993,0.039434176,0.039434176,2818.667452,6.579062251,0.017191634,1,2697.173669,9.271601025,1.81E-05,0.987740815,1,308.85661
306.197296,106967.017,0.00172881,0.047418177,0.00172881,1040.803858,3.194992272,0.023793464,1,2496.267796,8.620795457,1.81E-05,1,0.036458804,286.5438036
289.195881,81566.6855,0.17545058,0.022441543,0.022441543,1481.026696,7.117049596,0.029466912,1,1214.914332,4.316902026,1.80E-05,0.843478376,1,289.195881
343.47141,171338.3596,0.12701463,0.186199519,0.12701463,7799.77325,21.13953444,0.016652099,1,5305.973973,17.27612894,1.84E-05,1,0.682142632,335.6853686
360.407869,162566.1084,0.12314705,0.39190735,0.12314705,8133.114893,22.47961564,0.018422662,1,6586.084741,20.91455167,1.86E-05,1,0.314224906,335.5910192
272.683549,51012.1785,0.03644684,0.011555386,0.011555386,510.8702564,7.607351701,0.044429381,1,0,0,0,0.974817553,1,272.683549
268.387863,145721.9921,0.13671562,0.002830207,0.002830207,-14.96937575,-3.036661341,0.015298359,1,0,0,0,0.865734588,1,268.387863
291.848792,194738.5876,0.13476208,0.011154727,0.011154727,1041.382002,-1.643834766,0.012450488,1,1416.912595,5.005173867,1.80E-05,0.874998287,1,291.848792
329.917724,166774.2095,0.08302248,0.10357452,0.08302248,5407.473557,13.95993345,0.016436844,1,4283.65965,14.23965823,1.83E-05,1,0.801572432,325.939045
257.246591,110406.2583,0.03239697,0.001383546,0.001383546,-401.8126893,-2.207048459,0.019354682,1,0,0,0,0.968943608,1,257.246591
309.349023,197991.0098,0.02058211,0.030589575,0.02058211,1978.777223,1.4048173,0.012983441,1,2735.032214,9.391223596,1.81E-05,1,0.672847197,304.7147539
292.545371,136402.1415,0.01375799,0.016603783,0.01375799,1183.313733,1.812455472,0.017821919,1,1468.432569,5.185095584,1.80E-05,1,0.828605756,290.8061777
246.232417,116205.6721,0.0302105,0.000451432,0.000451432,-765.1749507,-4.077829336,0.01759666,1,0,0,0,0.970227492,1,246.232417
258.580138,149081.593,0.05977179,0.001160889,0.001160889,-376.3894626,-4.603600671,0.014403813,1,0,0,0,0.941320979,1,258.580138
264.80653,87082.5427,0.13721181,0.003466803,0.003466803,-85.81009451,0.975709224,0.025266952,1,0,0,0,0.865789712,1,264.80653
360.619588,117308.028,0.0089729,0.54621814,0.0089729,2959.268631,8.421414047,0.02556064,1,6601.478847,20.95959072,1.86E-05,1,0.01642732,306.4007114
291.656745,96587.3879,0.11187995,0.022155468,0.022155468,1538.938117,5.912091837,0.025095012,1,1400.761845,4.955885957,1.80E-05,0.908242589,1,291.656745
293.419249,197720.9345,0.04043668,0.012114648,0.012114648,1130.376335,-1.460644357,0.012328838,1,1535.341431,5.409690466,1.80E-05,0.971330649,1,293.419249
309.178829,182818.1184,0.09429656,0.032807163,0.032807163,2526.62767,3.92331785,0.014052633,1,2721.97411,9.349889892,1.81E-05,0.936424884,1,309.178829
253.698858,89119.4165,0.1350956,0.001225934,0.001225934,-510.3171786,-0.852668452,0.023649922,1,0,0,0,0.865966017,1,253.698858
264.813415,178505.1507,0.06430521,0.001698383,0.001698383,-172.9183759,-5.319187541,0.012318731,1,0,0,0,0.937286662,1,264.813415
276.113815,164045.6484,0.00791474,0.004638149,0.004638149,290.3726098,-2.892405393,0.013981264,1,227.2725903,0.816786302,1.80E-05,0.996708141,1,276.113815
322.086112,150825.6947,0.12913132,0.078176495,0.078176495,4957.725583,13.3925691,0.017743208,1,3693.363764,12.42975361,1.82E-05,0.944723882,1,322.086112
305.584864,71333.2437,0.10711362,0.068627756,0.068627756,4046.419392,16.70759304,0.035603199,1,2449.574702,8.470258895,1.81E-05,0.958678322,1,305.584864
332.769705,144691.5235,0.1019796,0.136398844,0.1019796,6351.048929,18.09576349,0.019108417,1,4498.298264,14.88866445,1.83E-05,1,0.747657364,327.3213988
368.202134,171665.2192,0.01197647,0.497795144,0.01197647,3315.843817,6.344877358,0.017835469,1,7176.829546,22.53570843,1.87E-05,1,0.024059033,314.5444271
253.034607,73432.8139,0.17724663,0.001395136,0.001395136,-520.6088968,0.715235166,0.02863055,1,0,0,0,0.823902826,1,253.034607
268.598268,162587.3315,0.00312779,0.002584186,0.002584186,-21.2940278,-3.97077853,0.013720753,1,0,0,0,0.999454987,1,268.598268
305.10651,165139.3985,0.00768155,0.02892886,0.00768155,1274.199005,0.470136015,0.015354206,1,2415.088996,8.351756501,1.81E-05,1,0.265532415,293.9399869
321.810247,176160.8731,0.10250021,0.066056819,0.066056819,4400.154526,10.32267977,0.01517854,1,3672.980623,12.36500771,1.82E-05,0.960979007,1,321.810247
374.050251,121618.9246,0.07444948,0.863049873,0.07444948,6331.372105,19.08188095,0.025569931,1,7620.04278,23.73250038,1.88E-05,1,0.086263242,323.8065956
289.511296,167981.3285,0.14490243,0.011148104,0.011148104,974.6770799,-0.645437106,0.01431906,1,1240.19094,4.398871462,1.80E-05,0.864737757,1,289.511296
272.118389,107455.7692,0.16968678,0.005245669,0.005245669,205.6767194,0.314667295,0.02104093,1,0,0,0,0.834691737,1,272.118389
328.620976,172329.4396,0.0905306,0.094248591,0.0905306,5707.558839,14.64032488,0.015842483,1,4186.019291,13.94281291,1.83E-05,1,0.960551234,327.8882453
289.019194,136889.4229,0.14311074,0.013244393,0.013244393,1057.069546,1.346993267,0.017543556,1,1202.536411,4.270636833,1.80E-05,0.868390566,1,289.019194
342.579582,131703.007,0.07089312,0.232777713,0.07089312,5236.791498,15.29962866,0.021620437,1,5238.072967,17.08031016,1.84E-05,1,0.304552867,320.9533038
283.959908,100231.4584,0.11425685,0.01298674,0.01298674,900.4308678,3.389882545,0.023542938,1,819.9649898,2.937529279,1.80E-05,0.897397417,1,283.959908
351.934673,120371.4159,0.12209865,0.377466015,0.12209865,7836.016837,24.12847254,0.024296988,1,5944.50875,19.11535979,1.85E-05,1,0.323469253,328.8310609
286.247724,95929.4365,0.08044345,0.015777921,0.015777921,1093.371642,4.430257781,0.024797821,1,992.6763629,3.54358896,1.80E-05,0.934297828,1,286.247724
261.447171,125548.9489,0.06581024,0.001787246,0.001787246,-262.5693183,-2.736788426,0.01729746,1,0,0,0,0.935862377,1,261.447171
256.208029,62088.5343,0.06052257,0.002228462,0.002228462,-389.7268052,2.622104858,0.034290929,1,0,0,0,0.941575696,1,256.208029
269.462053,98381.23,0.12313695,0.0045845,0.0045845,99.2137396,0.654383214,0.022757899,1,0,0,0,0.880901543,1,269.462053
268.322271,50224.8824,0.03750451,0.00813606,0.00813606,229.878757,6.71723398,0.044403285,1,0,0,0,0.970390647,1,268.322271
256.190551,197520.4232,0.11255603,0.000703421,0.000703421,-470.9966656,-7.309654286,0.01076608,1,0,0,0,0.888068657,1,256.190551
357.901523,154393.7931,0.12850675,0.374175908,0.12850675,8301.749747,23.44968368,0.019261922,1,6396.262188,20.38644728,1.86E-05,1,0.343439402,335.1009316
327.031672,76429.2861,0.15509567,0.196352992,0.15509567,8588.707542,30.28947463,0.03554868,1,4064.787285,13.57835227,1.83E-05,1,0.789881879,322.5701051
359.093668,183812.7678,0.12497402,0.329669003,0.12497402,8174.567921,21.60020085,0.016231992,1,6486.899531,20.63774644,1.86E-05,1,0.379089386,338.2151731
288.880611,135477.3431,0.08319423,0.013263684,0.013263684,1053.993778,1.422551814,0.017717986,1,1192.057565,4.234459691,1.80E-05,0.92912945,1,288.880611
255.057314,172856.5127,0.09743165,0.000721756,0.000721756,-501.0196548,-6.319758588,0.012249932,1,0,0,0,0.903220255,1,255.057314
289.873389,55318.9029,0.09662497,0.034521514,0.034521514,2047.620369,12.25693528,0.043554385,1,1265.570041,4.49349275,1.80E-05,0.935675981,1,289.873389
335.683519,63230.1178,0.16231758,0.355884457,0.16231758,9177.45679,33.64393045,0.04411461,1,4716.775762,15.54681762,1.83E-05,1,0.456096289,320.4316647
330.127427,175917.0501,0.15524632,0.099194215,0.099194215,6143.260826,15.83276664,0.015589174,1,4299.603791,14.28746372,1.83E-05,0.937775594,1,330.127427
325.619107,99640.8843,0.17897907,0.140725092,0.140725092,7893.311964,25.96884665,0.027146448,1,3958.713433,13.25199742,1.83E-05,0.955481095,1,325.619107
262.736452,197530.2438,0.00788378,0.001278564,0.001278564,-254.0430505,-6.470098417,0.011042823,1,0,0,0,0.993386328,1,262.736452
357.713462,183482.6891,0.1357968,0.312892417,0.1357968,8623.483413,23.0070713,0.016196508,1,6382.443434,20.34631498,1.86E-05,1,0.434004765,339.6030267
371.729012,180687.0957,0.02520007,0.537680638,0.02520007,4020.432946,8.274261748,0.017107083,1,7444.569985,23.25894622,1.88E-05,1,0.0468681,319.9127694
326.596926,61787.5748,0.06613275,0.237700969,0.06613275,4554.295282,19.50369898,0.043938876,1,4031.803932,13.47824672,1.83E-05,1,0.27821826,305.5844386
333.808664,125420.2875,0.19791021,0.165022948,0.165022948,9232.783521,28.12912604,0.022101548,1,4576.336862,15.12387097,1.83E-05,0.960612975,1,333.808664
315.280289,137109.4477,0.08698177,0.060638202,0.060638202,3965.863342,11.02156948,0.019107872,1,3180.621106,10.82153501,1.82E-05,0.971955887,1,315.280289
370.488199,175646.2741,0.15448204,0.528819524,0.15448204,9856.062111,27.01181738,0.017524365,1,7350.321565,23.00523643,1.88E-05,1,0.292126204,342.1298437
292.578492,134635.6779,0.12272329,0.016855447,0.016855447,1324.081251,2.411847285,0.018057664,1,1470.899306,5.193636042,1.80E-05,0.892317114,1,292.578492
360.893904,101696.4085,0.05955482,0.635983137,0.05955482,5265.985,17.34186216,0.029503275,1,6622.030361,21.01736479,1.86E-05,1,0.093642137,316.5399824
289.230545,68815.1014,0.07274338,0.026648436,0.026648436,1672.715299,9.181656819,0.034933052,1,1217.310197,4.325981264,1.80E-05,0.952643068,1,289.230545
314.708631,52574.6299,0.00197462,0.153085448,0.00197462,1303.452038,9.952897276,0.049763887,1,3136.234074,10.6854975,1.82E-05,1,0.012898809,282.5486636
348.048663,117160.842,0.14376461,0.330239466,0.14376461,8701.439292,27.03390416,0.024682284,1,5650.820425,18.27639191,1.85E-05,1,0.435334431,330.8725564
257.442181,154174.741,0.00045229,0.001010797,0.00045229,-441.8889087,-5.141691016,0.013865777,1,0,0,0,1,0.447458734,256.596982
259.243152,181834.997,0.01690143,0.001012815,0.001012815,-366.5935814,-6.215649163,0.011836719,1,0,0,0,0.984095276,1,259.243152
289.593226,90819.8551,0.10597298,0.020678439,0.020678439,1412.440815,5.989532382,0.026500155,1,1245.046565,4.420447016,1.80E-05,0.91290446,1,289.593226
368.012263,110869.9337,0.01521041,0.761962872,0.01521041,3459.904429,10.48766434,0.02759985,1,7161.593415,22.49741102,1.87E-05,1,0.019962141,308.8231489
298.172386,168106.6785,0.09520852,0.018998098,0.018998098,1581.963156,1.447293427,0.014737906,1,1892.964338,6.6205448,1.81E-05,0.922313686,1,298.172386
365.145212,106904.9441,0.06045108,0.710695146,0.06045108,5432.091607,17.40341054,0.028396927,1,6944.164451,21.90448029,1.87E-05,1,0.085059087,318.0634646
352.344381,127434.8054,0.06709683,0.362658639,0.06709683,5353.949708,15.85477886,0.02298407,1,5975.580635,19.20322562,1.85E-05,1,0.185013737,320.8482924
295.677647,77416.9844,0.02018998,0.035407686,0.02018998,1569.281669,7.852103128,0.031744798,1,1703.500939,5.987972846,1.81E-05,1,0.570214616,289.5275993
370.145952,115581.0523,0.13192531,0.790056236,0.13192531,8827.536686,27.34883458,0.026617132,1,7323.529459,22.93592991,1.88E-05,1,0.166982177,330.7680147
373.46888,166007.2283,0.1752275,0.622015314,0.1752275,10888.58142,30.57120513,0.018689027,1,7576.482878,23.61372162,1.88E-05,1,0.281709302,343.5378787
313.660657,154779.7927,0.11078303,0.049331512,0.049331512,3406.296779,8.200801681,0.016839459,1,3058.953755,10.43361748,1.82E-05,0.935359677,1,313.660657
365.858515,164674.9757,0.18658611,0.475718109,0.18658611,11172.99481,31.5618121,0.01845161,1,6999.030909,22.05163841,1.87E-05,1,0.392219902,344.1231929
270.298509,155881.1072,0.18685264,0.00311168,0.00311168,52.60217594,-3.344536356,0.014402745,1,0,0,0,0.815685512,1,270.298509
329.908521,161154.4257,0.16702421,0.107124373,0.107124373,6496.378883,17.66370741,0.017005607,1,4282.8803,14.23760753,1.83E-05,0.932913571,1,329.908521
360.848681,171178.3534,0.09002354,0.378707792,0.09002354,6643.355125,17.40502072,0.01752144,1,6619.581168,21.00699031,1.86E-05,1,0.237712405,331.4327474
354.663082,146239.1781,0.07294701,0.347317231,0.07294701,5686.743185,15.75027865,0.020159669,1,6151.164965,19.6989382,1.86E-05,1,0.210029919,324.7015985
260.74885,140421.916,0.14856081,0.001501353,0.001501353,-297.0790264,-3.799786372,0.015422119,1,0,0,0,0.852719423,1,260.74885
337.441122,117431.6051,0.14415906,0.207916107,0.14415906,8400.699372,26.14057025,0.023870758,1,4850.150211,15.9401468,1.84E-05,1,0.693352055,330.1522312
347.33907,162046.1808,0.17462506,0.232125062,0.17462506,10070.01508,28.49622908,0.017797213,1,5597.874779,18.12173027,1.85E-05,1,0.752288696,341.1970759
307.58364,92267.4548,0.16263303,0.059374965,0.059374965,3685.775371,13.41202817,0.027704289,1,2600.409225,8.961007714,1.81E-05,0.890223988,1,307.58364
280.307296,96378.0398,0.00604861,0.010551207,0.00604861,481.4869899,2.219265187,0.024169317,1,543.7252986,1.958650588,1.80E-05,1,0.573262394,276.8333712
281.499118,191900.104,0.12506538,0.005766117,0.005766117,496.2774728,-3.451286178,0.012184504,1,635.5749761,2.27950411,1.80E-05,0.880008854,1,281.499118
258.202356,163697.7571,0.15884471,0.001021727,0.001021727,-394.959247,-5.452791173,0.013096919,1,0,0,0,0.8420156,1,258.202356
335.56242,104723.1018,0.11128359,0.214049558,0.11128359,6859.177017,22.3525669,0.026627182,1,4708.266859,15.51919678,1.83E-05,1,0.519896378,323.1975047
337.020707,121153.89,0.07355819,0.197769701,0.07355819,5193.739498,15.89696023,0.023120603,1,4818.495417,15.84607728,1.84E-05,1,0.371938622,319.3490455
343.18189,193414.6559,0.06666733,0.162990967,0.06666733,5058.930792,11.53310125,0.014746626,1,5284.444975,17.21223707,1.84E-05,1,0.409024691,326.8427996
334.162115,51789.0349,0.10414954,0.405057322,0.10414954,6500.136312,27.09023066,0.053633835,1,4601.875632,15.20437908,1.83E-05,1,0.257122966,309.7192121
342.00621,99755.0791,0.08701166,0.299412284,0.08701166,5952.392132,19.88405177,0.028496652,1,5194.32558,16.95422208,1.84E-05,1,0.290608184,319.0492364
341.533657,145528.6752,0.09208654,0.201356031,0.09208654,6164.330278,17.41806925,0.019502918,1,5159.338866,16.84938719,1.84E-05,1,0.457331918,326.6442865
358.028378,101686.3804,0.03907713,0.569289422,0.03907713,4251.441849,14.06976891,0.029273195,1,6405.116024,20.41391928,1.86E-05,1,0.068641939,311.893662
255.220188,172491.4225,0.03119344,0.000734481,0.000734481,-495.6624264,-6.281131091,0.012283794,1,0,0,0,0.969518653,1,255.220188
326.661457,161741.553,0.11603005,0.091353827,0.091353827,5687.488534,15.10925902,0.016778988,1,4038.204707,13.49225435,1.83E-05,0.972842869,1,326.661457
352.369641,99835.6679,0.17810277,0.462743045,0.17810277,10389.28329,33.45045981,0.029322433,1,5977.093535,19.20897058,1.85E-05,1,0.384884812,331.933935
354.944243,100557.2493,0.0527224,0.509624831,0.0527224,4780.138108,15.93965735,0.02934532,1,6171.77644,19.7594202,1.86E-05,1,0.103453358,314.2590752
339.794508,111709.7787,0.15676412,0.242723088,0.15676412,9042.285141,28.50095605,0.025267564,1,5027.603396,16.46451089,1.84E-05,1,0.645855823,330.9382327
323.623777,75056.3654,0.02685101,0.169239115,0.02685101,2688.253319,11.77843754,0.03584403,1,3808.011911,12.78914008,1.82E-05,1,0.158657235,298.3742419
327.963852,109514.3711,0.00389788,0.143472479,0.00389788,1774.087404,5.37668369,0.024895984,1,4135.538166,13.79254131,1.83E-05,1,0.027168137,295.535004
312.187625,140900.1077,0.06728802,0.050070143,0.050070143,3397.341102,8.955106315,0.018411852,1,2947.826156,10.07929575,1.81E-05,0.981874581,1,312.187625
330.171648,114958.798,0.17049716,0.151866937,0.151866937,8530.786888,26.72549965,0.023854237,1,4302.0071,14.29812105,1.83E-05,0.978033845,1,330.171648
346.44798,168832.69,0.11863727,0.214610342,0.11863727,7510.29066,20.35107266,0.017048405,1,5530.674824,17.92764966,1.85E-05,1,0.552803136,334.3940683
366.270946,142704.9844,0.04337015,0.556711859,0.04337015,4687.33115,12.56096456,0.021339852,1,7029.992267,22.13733968,1.87E-05,1,0.077904125,319.6302916
299.849449,121528.1262,0.09652473,0.028986076,0.028986076,2084.984511,5.85321277,0.020504169,1,2018.504617,7.043212977,1.81E-05,0.930445226,1,299.849449
260.568014,154246.9674,0.04365014,0.001345374,0.001345374,-310.5718758,-4.632059963,0.014028571,1,0,0,0,0.957638242,1,260.568014
299.074832,88764.8246,0.11864419,0.037875018,0.037875018,2465.798676,9.736518348,0.028002149,1,1959.617383,6.848547043,1.81E-05,0.916051268,1,299.074832
345.799122,171135.2515,0.1754179,0.205984637,0.1754179,10057.66922,28.01296639,0.016775069,1,5481.709825,17.78606001,1.85E-05,1,0.851606716,342.338163
372.883945,140350.806,0.0132449,0.719171769,0.0132449,3512.294616,8.597133993,0.022092172,1,7531.712865,23.49504389,1.88E-05,1,0.01841688,312.7478997
278.361351,172158.687,0.18689122,0.005176953,0.005176953,379.616214,-2.969199161,0.01343082,1,397.760975,1.43121713,1.80E-05,0.817340111,1,278.361351
255.87135,76378.7788,0.19037837,0.001756287,0.001756287,-422.0510552,0.775431411,0.027835116,1,0,0,0,0.811046059,1,255.87135
258.790065,165204.277,0.17552614,0.00106871,0.00106871,-375.8353884,-5.454626295,0.013007066,1,0,0,0,0.825355926,1,258.790065
303.501597,67713.3576,0.01261785,0.064215575,0.01261785,1456.651177,8.54192738,0.037258277,1,2292.649841,7.955192603,1.81E-05,1,0.196492051,286.8827164
319.168977,113185.7316,0.11004499,0.089796652,0.089796652,5399.574047,17.17873577,0.023430517,1,3473.0712,11.74482014,1.82E-05,0.97775405,1,319.168977
264.073645,143583.0138,0.11908666,0.001975839,0.001975839,-179.0568726,-3.533160903,0.015275604,1,0,0,0,0.882657329,1,264.073645
278.04365,192272.8846,0.05796293,0.004536953,0.004536953,339.9622333,-4.032656749,0.012010722,1,374.056905,1.344710238,1.80E-05,0.946330527,1,278.04365
284.478001,134271.1213,0.15860843,0.010044902,0.010044902,780.4033556,0.534978578,0.01760392,1,859.7004663,3.07517673,1.80E-05,0.849929024,1,284.478001
353.029323,61084.1188,0.03624391,0.774179125,0.03624391,3977.803524,17.47230224,0.048050474,1,6026.409386,19.35083087,1.85E-05,1,0.046815923,302.641973
385.086601,180703.3827,0.04550079,0.849258417,0.04550079,5338.261072,12.39136181,0.017720471,1,8460.571788,25.94413105,1.90E-05,1,0.053577085,326.823049
288.172891,51443.7992,0.16511398,0.033290545,0.033290545,1942.65784,12.50416224,0.046561098,1,1137.212987,4.04962668,1.80E-05,0.863636965,1,288.172891
342.375052,170525.6999,0.01881269,0.178395064,0.01881269,2868.485257,5.348767727,0.016691601,1,5223.208822,17.03482056,1.84E-05,1,0.105455216,311.1243
305.169356,97673.9809,0.04087727,0.048993862,0.04087727,2779.43433,9.979788332,0.025966737,1,2418.718947,8.367655576,1.81E-05,1,0.83433452,302.6720786
273.483106,127816.6622,0.09644846,0.004923645,0.004923645,229.3381423,-1.04062942,0.017776066,1,26.90198383,0.090000064,1.80E-05,0.908022319,1,273.483106
304.132891,131844.801,0.02331795,0.034253409,0.02331795,1953.952354,4.722444188,0.019170567,1,2341.23688,8.111294424,1.81E-05,1,0.680748294,299.5670358
337.41192,187836.9351,0.15522595,0.130066693,0.130066693,7753.818217,20.26185528,0.014917457,1,4849.000759,15.93290838,1.84E-05,0.971079097,1,337.41192
352.131008,50853.8466,0.04738888,0.895459283,0.04738888,4457.896447,20.59091762,0.057569145,1,5958.350068,19.1583363,1.85E-05,1,0.052921312,302.0036482
259.386975,143540.6358,0.02649322,0.001297926,0.001297926,-346.2107824,-4.171942174,0.015007439,1,0,0,0,0.974771962,1,259.386975
245.380675,67094.3573,0.14826758,0.000715272,0.000715272,-773.3489722,0.451795089,0.03038635,1,0,0,0,0.852342076,1,245.380675
347.72901,100544.8432,0.11249223,0.379413635,0.11249223,7277.014738,23.92301009,0.02874332,1,5626.432689,18.20717233,1.85E-05,1,0.296489687,323.7264465
301.511697,98031.9309,0.0218243,0.039577266,0.0218243,1812.172918,6.709271757,0.025563024,1,2143.301475,7.459674911,1.81E-05,1,0.551435257,294.6400132
276.340138,90019.2146,0.04462928,0.008566997,0.008566997,479.7496073,2.784070491,0.025509928,1,243.0982385,0.878906521,1.80E-05,0.963626102,1,276.340138
357.344273,189161.9132,0.02813133,0.299179054,0.02813133,3729.979438,7.181423354,0.015706468,1,6354.589286,20.26811225,1.86E-05,1,0.094028408,318.8648801
247.06628,94805.1142,0.11677039,0.000601381,0.000601381,-732.0790417,-2.252757535,0.021646857,1,0,0,0,0.883761087,1,247.06628
287.556509,155759.8777,0.12972467,0.010600661,0.010600661,893.7724329,-0.300415325,0.015338666,1,1092.500758,3.887768921,1.80E-05,0.879599668,1,287.556509
360.9487,138508.0793,0.03717776,0.469105581,0.03717776,4249.328713,11.448754,0.021666715,1,6626.696029,21.02839137,1.86E-05,1,0.079252436,316.8802005
337.562892,123333.2986,0.08293483,0.199090396,0.08293483,5634.070816,17.1443671,0.022747246,1,4859.423472,15.96730182,1.84E-05,1,0.416568712,321.5438887
287.2896,176052.2453,0.03672755,0.009223906,0.009223906,822.4302794,-1.571687399,0.013556887,1,1072.708856,3.817636225,1.80E-05,0.972240303,1,287.2896
263.750946,106413.6708,0.15292871,0.002587312,0.002587312,-157.7864486,-0.962548533,0.020591405,1,0,0,0,0.849268613,1,263.750946
260.402355,62391.5581,0.11144473,0.003264205,0.003264205,-221.0640087,3.231667059,0.034684325,1,0,0,0,0.891465195,1,260.402355
280.829355,116052.3611,0.10368859,0.009086972,0.009086972,632.1105744,1.220267088,0.020107151,1,583.5735995,2.099414288,1.80E-05,0.904530857,1,280.829355
304.754745,177757.5271,0.1687035,0.026353998,0.026353998,2105.96872,2.754644452,0.014245782,1,2388.810153,8.264827622,1.81E-05,0.853797477,1,304.754745
268.644812,172088.9473,0.10504536,0.002452084,0.002452084,-26.66309438,-4.463067751,0.012964647,1,0,0,0,0.897154539,1,268.644812
337.053017,137085.8578,0.06676138,0.175122372,0.06676138,4885.829577,13.88558265,0.020435498,1,4821.170952,15.85314774,1.84E-05,1,0.38122702,320.0399952
360.012082,192218.0766,0.16888161,0.326803742,0.16888161,10189.96909,27.36869164,0.015553627,1,6556.537966,20.83099201,1.86E-05,1,0.516767676,345.0583538
267.847973,88110.4323,0.04808419,0.004459817,0.004459817,47.4115633,1.377757093,0.02525972,1,0,0,0,0.956180199,1,267.847973
387.724249,180375.544,0.13437965,0.92653998,0.13437965,9461.663614,25.37221304,0.017865737,1,8661.707982,26.46468041,1.90E-05,1,0.145033839,341.4626768
326.851919,168883.2495,0.12013098,0.088317477,0.088317477,5555.353619,14.33368673,0.016078855,1,4052.665082,13.53610943,1.83E-05,0.965104625,1,326.851919
314.627164,142853.7275,0.0892905,0.056240385,0.056240385,3747.593832,9.975704484,0.018301585,1,3131.535149,10.66535225,1.82E-05,0.964980367,1,314.627164
264.423148,144855.7998,0.00179078,0.002019759,0.00179078,-177.2984312,-3.600586539,0.015161408,1,0,0,0,1,0.886630694,264.1159313
265.079236,96203.048,0.08816285,0.003215127,0.003215127,-89.96315398,0.132473034,0.022893691,1,0,0,0,0.914778279,1,265.079236
308.873323,175114.5162,0.07755919,0.033673029,0.033673029,2557.27875,4.384388847,0.014656537,1,2698.849206,9.275510239,1.81E-05,0.954584563,1,308.873323
289.276172,117038.602,0.02877355,0.015737633,0.015737633,1178.446655,3.073138163,0.020539007,1,1221.58063,4.337738221,1.80E-05,0.986755649,1,289.276172
346.094494,135666.7003,0.07368886,0.262827056,0.07368886,5467.235883,15.75888053,0.021204306,1,5503.495851,17.85092721,1.85E-05,1,0.280370145,322.4690506
260.545151,185992.0097,0.1588986,0.001114892,0.001114892,-324.3694519,-6.240224216,0.011630335,1,0,0,0,0.842040184,1,260.545151
359.688869,171373.0229,0.12914686,0.361701888,0.12914686,8382.714177,22.81725886,0.017439373,1,6531.777154,20.76326197,1.86E-05,1,0.35705332,337.4440444
364.190388,160656.5675,0.00396433,0.458012454,0.00396433,2834.39562,5.259615305,0.018849685,1,6872.551332,21.70534739,1.87E-05,1,0.008655507,309.9965059
251.9181,139329.206,0.04077977,0.000662169,0.000662169,-592.1799075,-4.889417991,0.015013802,1,0,0,0,0.959855817,1,251.9181
250.1892,189251.2773,0.00183206,0.000412788,0.000412788,-658.4857692,-7.697269361,0.010971894,1,0,0,0,0.998580142,1,250.1892
334.904604,82616.4527,0.07416182,0.263092672,0.07416182,5161.461225,18.98819817,0.033695657,1,4658.32812,15.37143935,1.83E-05,1,0.28188478,312.7649329
367.195455,99972.9154,0.13037109,0.819145905,0.13037109,8669.918374,28.10142771,0.030528379,1,7099.499213,22.32904986,1.87E-05,1,0.159154907,327.53468
310.337808,111920.3575,0.16972392,0.056988255,0.056988255,3657.488117,11.71621792,0.023042974,1,2808.088672,9.63204623,1.81E-05,0.880451473,1,310.337808
356.496921,74396.641,0.17586416,0.730929405,0.17586416,10416.11007,35.94921085,0.039819993,1,6288.851877,20.08990823,1.86E-05,1,0.240603482,326.1382892
357.060226,116085.705,0.15139254,0.48054704,0.15139254,9318.000884,28.93131916,0.025557614,1,6332.061785,20.20884823,1.86E-05,1,0.315042082,332.2790425
272.993004,145170.9846,0.00856521,0.004179899,0.004179899,180.1656715,-2.280075356,0.015621283,1,0,0,0,0.995596282,1,272.993004
255.371399,105041.8344,0.09584268,0.001219865,0.001219865,-463.3241678,-2.033619787,0.02019507,1,0,0,0,0.905261617,1,255.371399
302.278559,52177.3786,0.09141777,0.07763617,0.07763617,4357.407839,20.28845519,0.048149887,1,2200.295224,7.651208878,1.81E-05,0.985058391,1,302.278559
278.017811,114805.1645,0.07792113,0.007564771,0.007564771,481.5931363,0.7697707,0.020121566,1,370.7094073,1.337689835,1.80E-05,0.929107354,1,278.017811
299.676997,113132.5054,0.10341966,0.030815035,0.030815035,2163.068142,6.710761334,0.022013609,1,2005.376887,6.999925578,1.81E-05,0.925086926,1,299.676997
274.953978,128488.4658,0.17397175,0.005445336,0.005445336,295.6805258,-0.841231494,0.017778549,1,138.6248152,0.497379705,1.80E-05,0.830550878,1,274.953978
336.479795,125533.2517,0.18292091,0.186284379,0.18292091,10121.8626,30.79719679,0.022254817,1,4777.764251,15.72488488,1.84E-05,1,0.981944439,336.1045102
314.815935,131784.4865,0.16332262,0.061556605,0.061556605,3994.069172,11.44233845,0.019850843,1,3145.572677,10.71059424,1.82E-05,0.891558707,1,314.815935
323.547626,161041.9658,0.18244728,0.07876488,0.07876488,5026.679804,13.06392778,0.016692567,1,3803.609811,12.7706899,1.82E-05,0.887452836,1,323.547626
252.051341,122441.5125,0.12861649,0.000762705,0.000762705,-582.2101614,-3.776469653,0.017096281,1,0,0,0,0.872048626,1,252.051341
244.425962,144598.4881,0.11848729,0.000302072,0.000302072,-827.3115608,-6.146849273,0.01403295,1,0,0,0,0.88177907,1,244.425962
278.012735,63083.4844,0.03404074,0.013738038,0.013738038,763.6183782,6.749379575,0.036628341,1,369.3966319,1.336319548,1.80E-05,0.979414493,1,278.012735
341.548121,174463.9721,0.01402117,0.168204013,0.01402117,2626.81768,4.332722999,0.016275527,1,5160.85854,16.85227719,1.84E-05,1,0.083358118,309.4524207
355.574068,83735.2872,0.03911396,0.626735667,0.03911396,4181.792607,15.49019213,0.035304865,1,6219.173648,19.89371511,1.86E-05,1,0.062409022,308.4774137
297.497585,173594.9487,0.13660782,0.017673038,0.017673038,1502.059471,0.906250976,0.014239331,1,1842.225747,6.449853745,1.81E-05,0.878925463,1,297.497585
350.82598,165897.8371,0.16314819,0.262176807,0.16314819,9656.044588,27.03467101,0.017562106,1,5861.369188,18.87635199,1.85E-05,1,0.622283077,340.5532162
377.272623,137944.3775,0.05818513,0.852472922,0.05818513,5686.286974,15.91390373,0.022739717,1,7865.159447,24.38417903,1.89E-05,1,0.06825452,323.5349974
302.399662,120846.0054,0.15773055,0.033822688,0.033822688,2378.009976,6.880244628,0.020795413,1,2210.545785,7.681004448,1.81E-05,0.871754532,1,302.399662
273.614094,52668.9016,0.05503829,0.012030569,0.012030569,559.2634944,7.516210825,0.043178464,1,35.47945023,0.126306077,1.80E-05,0.956468571,1,273.614094
327.478136,101274.5557,0.07589266,0.151526531,0.07589266,5018.616299,16.87792726,0.026874695,1,4098.810984,13.68093228,1.83E-05,1,0.50085394,315.5892903
312.855729,121896.0184,0.04161936,0.05995632,0.04161936,3036.892478,8.974159716,0.021330678,1,2997.824436,10.24038301,1.82E-05,1,0.694161352,307.5958646
245.891862,142828.181,0.08490772,0.000355254,0.000355254,-782.0054434,-5.859486304,0.014292935,1,0,0,0,0.915417486,1,245.891862
281.913132,153896.825,0.15506154,0.007385356,0.007385356,584.1930137,-1.298862551,0.015218582,1,666.2097134,2.390681975,1.80E-05,0.85122506,1,281.913132
321.559522,132729.0679,0.02063171,0.086479744,0.02063171,2342.873764,5.883110731,0.020137883,1,3653.418954,12.30665774,1.82E-05,1,0.238572746,303.3071471
249.226346,160954.8891,0.18551631,0.000440837,0.000440837,-682.6516613,-6.449577688,0.012854183,1,0,0,0,0.814842903,1,249.226346
323.767516,71614.582,0.00345027,0.178618761,0.00345027,1633.391003,8.462264941,0.037585132,1,3818.786661,12.82262067,1.82E-05,1,0.019316392,289.2159666
265.664024,70332.1389,0.00936174,0.0046234,0.0046234,-7.361216437,3.044867487,0.031389825,1,0,0,0,0.995239651,1,265.664024
311.249232,65409.7453,0.1095162,0.102323381,0.102323381,5735.608003,22.77922565,0.039543336,1,2875.963347,9.853152687,1.81E-05,0.991987294,1,311.249232
358.617087,81560.9051,0.18363257,0.724924486,0.18363257,10831.4761,36.41974802,0.036535528,1,6449.385381,20.53851011,1.86E-05,1,0.253312688,328.8196869
309.742367,156231.4737,0.05521386,0.039566409,0.039566409,2850.151562,6.30375075,0.016474784,1,2763.97231,9.487161841,1.81E-05,0.98370793,1,309.742367
304.17628,51828.3729,0.06550676,0.087153971,0.06550676,3865.972451,18.78045922,0.04878167,1,2343.193219,8.122488104,1.81E-05,1,0.751621056,299.9323541
276.498206,75410.5531,0.15689501,0.010336412,0.010336412,565.2209526,4.561668479,0.030471637,1,254.8213681,0.922269357,1.80E-05,0.851910689,1,276.498206
265.525935,83949.7922,0.05376882,0.003829136,0.003829136,-48.28059426,1.421401495,0.026281836,1,0,0,0,0.949868355,1,265.525935
272.403883,88696.3197,0.16588295,0.006502854,0.006502854,272.1243408,2.152584725,0.025520826,1,0,0,0,0.839576695,1,272.403883
244.516531,82970.4513,0.02174793,0.000529786,0.000529786,-808.3903981,-1.455720976,0.024481141,1,0,0,0,0.978770609,1,244.516531
287.554736,101491.6358,0.02348419,0.016239476,0.016239476,1151.936545,4.165886336,0.023545479,1,1091.428982,3.887444327,1.80E-05,0.992635694,1,287.554736
263.55168,136065.5389,0.12198011,0.001990486,0.001990486,-192.9777196,-3.139216326,0.016088401,1,0,0,0,0.879771062,1,263.55168
261.204025,106127.9516,0.17813536,0.0020669,0.0020669,-255.390767,-1.312743995,0.020446708,1,0,0,0,0.82356687,1,261.204025
364.287352,105507.8981,0.03276717,0.697318365,0.03276717,4148.817937,13.31930113,0.028707402,1,6879.132367,21.72624309,1.87E-05,1,0.046990258,311.9325783
341.822295,100856.6021,0.07315926,0.293788895,0.07315926,5319.274753,17.78601103,0.028172012,1,5180.461364,16.91361395,1.84E-05,1,0.249019827,316.7286406
336.201445,145141.9827,0.10819544,0.159185843,0.10819544,6734.289646,19.25171886,0.019245438,1,4757.065772,15.6622746,1.84E-05,1,0.679680037,328.8016593
355.938726,63596.0141,0.05003559,0.835315278,0.05003559,4689.545434,19.43952746,0.04653222,1,6246.470831,19.97149633,1.86E-05,1,0.059900245,306.4382854
363.7468,93700.935,0.17025244,0.76850374,0.17025244,10377.62757,33.86634214,0.032258652,1,6838.00902,21.61387784,1.87E-05,1,0.221537556,330.5269417
312.332878,174005.4674,0.19985935,0.040897037,0.040897037,2985.065662,5.847831994,0.01491519,1,2959.291993,10.11409037,1.82E-05,0.834259387,1,312.332878
306.144375,194010.5573,0.06985885,0.026128072,0.026128072,2135.394427,2.122907488,0.013111498,1,2493.700764,8.607262265,1.81E-05,0.955095966,1,306.144375
358.750416,109145.042,0.12821445,0.545823145,0.12821445,8318.312942,26.37265657,0.027317176,1,6459.866002,20.56629892,1.86E-05,1,0.234901087,328.321655
357.513184,155741.387,0.09453212,0.365343466,0.09453212,6749.695562,18.55999532,0.019079421,1,6366.896164,20.30428212,1.86E-05,1,0.258748627,330.0541672
251.365463,123595.5486,0.13672316,0.00070697,0.00070697,-604.8114622,-3.944368289,0.016890135,1,0,0,0,0.863887583,1,251.365463
335.387483,106959.6344,0.14758386,0.207923956,0.14758386,8495.34413,27.20936502,0.026048701,1,4695.108159,15.47985038,1.83E-05,1,0.709797286,328.6267826
282.070415,108791.2245,0.08091423,0.010543494,0.010543494,734.5164706,2.12219402,0.021545007,1,677.3057273,2.432912846,1.80E-05,0.928879405,1,282.070415
290.939998,170328.7401,0.00490428,0.012037078,0.00490428,734.7168015,-1.634990969,0.014192046,1,1347.976814,4.770112827,1.80E-05,1,0.407431089,285.4696296
318.53189,53660.464,0.12997522,0.183006395,0.12997522,7202.903148,28.98446481,0.049330244,1,3424.156801,11.59480898,1.82E-05,1,0.710222286,312.5262284
292.776541,118323.8189,0.05522165,0.01940726,0.01940726,1446.13747,3.906660101,0.020562182,1,1485.551554,5.244704559,1.80E-05,0.963476795,1,292.776541
257.282536,77296.4531,0.12847321,0.001980013,0.001980013,-370.9831001,0.875042598,0.027656614,1,0,0,0,0.873255848,1,257.282536
255.363465,185456.6803,0.0973146,0.000692815,0.000692815,-494.5277604,-6.878599728,0.011430242,1,0,0,0,0.903311227,1,255.363465
248.728143,154977.1903,0.08615768,0.000435652,0.000435652,-696.8490555,-6.19244493,0.013323874,1,0,0,0,0.914240611,1,248.728143
272.649177,54026.3585,0.10681494,0.010880946,0.010880946,479.2479819,7.017937694,0.041944584,1,0,0,0,0.90301067,1,272.649177
293.430759,95271.881,0.03514503,0.025083174,0.025083174,1722.960043,6.653610241,0.025596571,1,1534.473736,5.41303488,1.80E-05,0.989679267,1,293.430759
284.592141,126749.3657,0.15558367,0.01071921,0.01071921,814.6902147,1.135891348,0.018656735,1,868.1907495,3.105492313,1.80E-05,0.853565882,1,284.592141
294.85727,88466.0101,0.18444986,0.029483464,0.029483464,1963.692862,8.084028224,0.027700488,1,1641.868451,5.778562601,1.81E-05,0.840325857,1,294.85727
315.223908,94999.0493,0.18358624,0.087160396,0.087160396,5165.493828,17.89584007,0.027573013,1,3175.707401,10.80837572,1.82E-05,0.894367155,1,315.223908
251.045225,54217.8571,0.07489358,0.001557225,0.001557225,-569.4388211,3.041938804,0.038478315,1,0,0,0,0.926549266,1,251.045225
354.992287,68292.6705,0.09957665,0.749710779,0.09957665,6910.311275,25.93600634,0.043210961,1,6174.949745,19.7700469,1.86E-05,1,0.132820086,315.5646834
245.376586,123735.0247,0.05058099,0.000388742,0.000388742,-793.6634213,-4.715311808,0.016466861,1,0,0,0,0.949788233,1,245.376586
285.27138,112095.1021,0.1108241,0.012670875,0.012670875,923.5880698,2.541565486,0.021147609,1,919.2359895,3.285568378,1.80E-05,0.900587127,1,285.27138
362.578557,92026.3611,0.19958731,0.748662306,0.19958731,11673.62878,37.90838142,0.032733846,1,6749.481359,21.37019509,1.87E-05,1,0.266591904,332.9762298
329.067918,151877.8906,0.02524743,0.109189645,0.02524743,2770.677667,6.148690094,0.018010222,1,4219.387535,14.04542116,1.83E-05,1,0.231225497,308.7070518
313.418103,114160.5146,0.12154058,0.065955734,0.065955734,4152.934303,13.14757523,0.022814243,1,3040.043492,10.37565776,1.82E-05,0.940490138,1,313.418103
313.770797,196241.0288,0.19388558,0.039179294,0.039179294,2948.222489,4.722234603,0.013285633,1,3067.907164,10.45975731,1.82E-05,0.838985271,1,313.770797
306.244433,142717.2269,0.01132595,0.035669131,0.01132595,1473.50867,2.385382994,0.017833864,1,2500.398892,8.632171591,1.81E-05,1,0.31752806,295.0991722
368.918171,178935.7055,0.06010437,0.490432759,0.06010437,5524.08996,13.36444415,0.017141009,1,7231.242228,22.68297473,1.87E-05,1,0.122553742,327.5659167
262.046243,159636.9439,0.11808193,0.001485268,0.001485268,-261.6301402,-4.729341518,0.013631729,1,0,0,0,0.883229903,1,262.046243
311.958357,117583.3782,0.11384065,0.059227089,0.059227089,3805.828646,11.78504587,0.02204727,1,2930.191096,10.02414235,1.81E-05,0.9419482,1,311.958357
374.55525,174717.7526,0.01245381,0.614443844,0.01245381,3523.987638,6.77687388,0.017826958,1,7659.123013,23.83423949,1.88E-05,1,0.020268427,316.2320204
275.202737,164467.8389,0.05557325,0.004335883,0.004335883,250.1365389,-3.060936161,0.013899086,1,158.1595275,0.566038367,1.80E-05,0.948539507,1,275.202737
272.942501,195170.8297,0.11723791,0.00310181,0.00310181,126.1587218,-4.940640078,0.011613769,1,0,0,0,0.88550877,1,272.942501
254.52888,125187.2437,0.12163526,0.000945989,0.000945989,-502.0174107,-3.643419728,0.016886142,1,0,0,0,0.87919645,1,254.52888
277.406348,169166.8584,0.11825019,0.00492787,0.00492787,340.7495449,-2.964527659,0.013621429,1,325.3551858,1.170849448,1.80E-05,0.886116477,1,277.406348
351.314215,171712.0904,0.11288722,0.258478557,0.11288722,7395.271863,19.82006524,0.017000098,1,5898.351614,18.9813874,1.85E-05,1,0.436737273,334.2956553
281.461733,139358.7795,0.03806675,0.007906262,0.007906262,595.5884109,-0.432411467,0.016780353,1,631.8184588,2.269521746,1.80E-05,0.969599155,1,281.461733
291.995372,77665.3651,0.04368319,0.028127488,0.028127488,1819.602934,8.677443276,0.031247372,1,1425.970516,5.043438398,1.80E-05,0.983994092,1,291.995372
289.477054,188089.7059,0.06323621,0.009940714,0.009940714,917.7919753,-1.786925779,0.012785699,1,1237.95333,4.38988939,1.80E-05,0.946169389,1,289.477054
353.500717,148723.5076,0.16107355,0.325943858,0.16107355,9645.287449,27.89277563,0.01974338,1,6063.306395,19.45067721,1.85E-05,1,0.494175748,338.2188561
264.138625,179317.6575,0.09235071,0.001593432,0.001593432,-197.400522,-5.450042106,0.012231386,1,0,0,0,0.909097875,1,264.138625
341.9058,142226.1463,0.17875519,0.20938983,0.17875519,10095.20704,29.67204548,0.019959911,1,5187.375156,16.93160981,1.84E-05,1,0.853695666,338.5710518
245.789387,74860.6299,0.08013354,0.000668596,0.000668596,-764.3066899,-0.42135294,0.027277309,1,0,0,0,0.92048189,1,245.789387
351.004985,144034.5146,0.12468635,0.303972369,0.12468635,7923.070869,22.9138102,0.020248969,1,5874.581879,18.91515739,1.85E-05,1,0.410189749,332.5957721
254.080571,101045.6313,0.12154862,0.001121919,0.001121919,-504.9677538,-1.875083126,0.020887896,1,0,0,0,0.879438038,1,254.080571
351.686454,149968.9683,0.18161492,0.30027641,0.18161492,10519.86558,30.47120493,0.019473441,1,5926.17274,19.06168255,1.85E-05,1,0.604825801,340.6612548
374.802441,170599.1983,0.07730638,0.634573456,0.07730638,6480.822571,16.73437693,0.018264676,1,7677.848085,23.88442268,1.88E-05,1,0.121824163,330.6619625
345.600721,197478.8018,0.17172972,0.177134197,0.17172972,9880.82931,26.29455423,0.014526349,1,5467.114071,17.74243302,1.85E-05,1,0.969489363,344.9300487
347.612038,197291.3461,0.02118276,0.193056122,0.02118276,3128.274756,4.947635558,0.014648234,1,5619.00547,18.18066865,1.85E-05,1,0.109723327,315.2820286
323.773366,129964.8829,0.11172079,0.098616985,0.098616985,5932.841807,17.70125327,0.020697752,1,3820.132385,12.8234901,1.82E-05,0.985462556,1,323.773366
264.293413,170516.3457,0.01865054,0.001698072,0.001698072,-187.4297041,-4.993834434,0.012871106,1,0,0,0,0.983018696,1,264.293413
306.898561,85964.9691,0.09418661,0.061330453,0.061330453,3754.41579,14.22094192,0.029669567,1,2548.726066,8.793162353,1.81E-05,0.964997099,1,306.898561
342.084816,73429.2358,0.12157332,0.407646455,0.12157332,7522.883297,27.32754215,0.038719593,1,5199.869308,16.97184685,1.84E-05,1,0.298232251,318.779274
321.503077,121170.9947,0.17944712,0.094431758,0.094431758,5677.315447,17.48433518,0.022045371,1,3648.987222,12.29352948,1.82E-05,0.906119321,1,321.503077
368.363127,195540.7672,0.16671399,0.440130898,0.16671399,10344.3182,27.62229281,0.015646978,1,7189.368206,22.56854046,1.87E-05,1,0.378782746,345.7657509
318.597973,160904.9981,0.12065338,0.061421929,0.061421929,4097.217701,10.10907434,0.016452586,1,3430.820228,11.60960017,1.82E-05,0.936892356,1,318.597973
334.439922,149710.1655,0.02411354,0.142419976,0.02411354,2877.044702,6.569054432,0.01857035,1,4624.299873,15.26608672,1.83E-05,1,0.169312906,309.3322214
246.066689,166887.8242,0.06836434,0.000309842,0.000309842,-781.2817227,-7.149146055,0.01223814,1,0,0,0,0.931924409,1,246.066689
331.863314,75540.0983,0.1692837,0.249927991,0.1692837,9375.506406,32.76838407,0.036497515,1,4428.920344,14.6837049,1.83E-05,1,0.677329895,324.2797073
281.539887,164800.4676,0.17730903,0.006726895,0.006726895,542.8026835,-2.016926599,0.014192034,1,638.1787892,2.290487669,1.80E-05,0.828262606,1,281.539887
277.688791,118060.5037,0.08914712,0.007189688,0.007189688,454.8446099,0.440753154,0.019543174,1,345.8391587,1.247970191,1.80E-05,0.917449052,1,277.688791
297.82699,83027.1177,0.04610446,0.037588384,0.037588384,2416.731053,10.12785161,0.029812841,1,1865.52658,6.533630051,1.81E-05,0.991151316,1,297.82699
284.858169,185103.68,0.0700045,0.007484247,0.007484247,672.3227825,-2.521245044,0.012783822,1,889.3030019,3.175948107,1.80E-05,0.937008301,1,284.858169
247.323978,195225.1496,0.06920873,0.000301132,0.000301132,-747.7132434,-8.314716096,0.010512677,1,0,0,0,0.931071646,1,247.323978
258.615428,151437.9844,0.15751562,0.001146651,0.001146651,-376.2088086,-4.733198464,0.01418137,1,0,0,0,0.843451525,1,258.615428
366.629612,195653.3482,0.07238985,0.412645463,0.07238985,6013.298029,14.22576801,0.015577559,1,7057.914996,22.21083478,1.87E-05,1,0.175428683,331.3830705
362.328359,151601.3193,0.15034268,0.452126276,0.15034268,9424.92078,26.99951369,0.01985704,1,6731.362257,21.31713895,1.87E-05,1,0.332523651,337.9428151
311.387573,53409.8265,0.09403762,0.126207916,0.09403762,5367.104635,23.30987444,0.04845579,1,2886.186867,9.886691502,1.81E-05,1,0.745100804,306.5980869
316.854854,102444.6298,0.05246429,0.088034579,0.05246429,3645.917976,12.40229444,0.02570646,1,3298.63536,11.19691238,1.82E-05,1,0.595950937,308.902333
247.914131,73755.4555,0.11824868,0.000840863,0.000840863,-694.6106007,-0.015477101,0.027926516,1,0,0,0,0.882493376,1,247.914131
291.061172,60005.417,0.00548745,0.034314237,0.00548745,772.3525769,7.171498216,0.040319476,1,1355.230107,4.801877433,1.80E-05,1,0.159917589,277.6495912
361.584306,83165.0073,0.00280127,0.796961878,0.00280127,2708.534327,10.33438877,0.036150679,1,6674.05232,21.16233073,1.86E-05,1,0.003514936,299.7930277
350.936126,100257.222,0.17780094,0.434619754,0.17780094,10332.22912,33.2511548,0.029079705,1,5868.746292,18.90083948,1.85E-05,1,0.409095395,331.9000936
364.506637,150956.1104,0.06227099,0.493014975,0.06227099,5493.433736,14.74320829,0.02007443,1,6896.380739,21.77124746,1.87E-05,1,0.126306488,324.3862221
375.331443,129128.1274,0.09399518,0.850771223,0.09399518,7257.742046,21.493351,0.024163517,1,7717.486472,23.99218768,1.88E-05,1,0.110482322,328.1550942
296.422987,78758.516,0.07203981,0.03641418,0.03641418,2322.942543,10.25315378,0.031280888,1,1759.682133,6.177660187,1.81E-05,0.963028068,1,296.422987
279.882189,114007.7057,0.13427543,0.008668098,0.008668098,585.7560709,1.20218702,0.020398717,1,511.8679675,1.843778849,1.80E-05,0.873294371,1,279.882189
265.856039,185160.5109,0.18909993,0.001793782,0.001793782,-138.7581314,-5.493875769,0.011922475,1,0,0,0,0.812357262,1,265.856039
298.768396,86956.4656,0.07758231,0.037964547,0.037964547,2460.99426,9.891380285,0.028555335,1,1936.505683,6.771339443,1.81E-05,0.958818812,1,298.768396
301.15832,54312.5449,0.07976874,0.069891988,0.069891988,3974.680528,18.73097164,0.04608609,1,2115.96661,7.371586159,1.81E-05,0.98938107,1,301.15832
330.451276,128947.3625,0.03489854,0.137246211,0.03489854,3249.505378,9.105019263,0.021302299,1,4323.296162,14.36179769,1.83E-05,1,0.254276892,309.8398323
334.312037,54450.937,0.06031557,0.387978829,0.06031557,4518.934282,20.3968236,0.051040711,1,4613.220461,15.23817552,1.83E-05,1,0.155460983,303.4225969
343.531496,195829.6956,0.0503998,0.163443985,0.0503998,4332.466626,9.076488698,0.014581373,1,5310.870092,17.2890686,1.84E-05,1,0.308361302,323.1451033
290.634439,194591.2144,0.16476643,0.010342712,0.010342712,969.2792694,-1.889569013,0.012407843,1,1325.350658,4.690797714,1.80E-05,0.843962431,1,290.634439
334.585286,126531.179,0.0962147,0.169529262,0.0962147,6146.236017,18.56086249,0.02197366,1,4634.911278,15.29907925,1.83E-05,1,0.56754037,324.0681609
362.876158,124853.0929,0.05451817,0.559645149,0.05451817,5094.514188,15.05428856,0.024163634,1,6772.482991,21.43191964,1.87E-05,1,0.097415604,319.2932986
311.558143,134128.5321,0.11420949,0.050835617,0.050835617,3413.893759,9.419352757,0.019302619,1,2900.324044,9.927377317,1.81E-05,0.933231931,1,311.558143
348.281468,110420.3956,0.18037605,0.353724151,0.18037605,10366.96833,32.56624669,0.026199489,1,5668.308858,18.32697998,1.85E-05,1,0.509934223,333.9609984
295.78224,196684.1993,0.11577403,0.01407477,0.01407477,1287.960913,-0.871083156,0.0124941,1,1713.386581,6.014118201,1.81E-05,0.896848912,1,295.78224
358.683976,190784.1749,0.14873807,0.312665039,0.14873807,9237.991428,24.55364463,0.015616356,1,6455.990195,20.55125988,1.86E-05,1,0.475710589,342.2507233
340.289107,143365.2927,0.12217937,0.193501921,0.12217937,7488.943681,21.67546524,0.019719666,1,5065.39243,16.57392931,1.84E-05,1,0.631411663,331.1761042
328.390921,164975.8555,0.16466752,0.097353705,0.097353705,6009.543391,15.9518798,0.016536308,1,4168.570482,13.89010643,1.83E-05,0.925426144,1,328.390921
332.709257,109195.4142,0.04644602,0.180050907,0.04644602,3839.902,12.4181969,0.025327636,1,4493.203558,14.8753073,1.83E-05,1,0.257960488,310.9307996
349.759732,138966.043,0.13707566,0.299233308,0.13707566,8447.34972,24.83040709,0.020910868,1,5780.407709,18.64664938,1.85E-05,1,0.458089578,333.5023168
327.807125,111334.2284,0.1269064,0.140075601,0.1269064,7333.056425,23.32813258,0.024460329,1,4123.755922,13.75650586,1.83E-05,1,0.905985047,325.9507215
358.116538,129196.1017,0.10158391,0.450394477,0.10158391,7089.556551,21.16999227,0.023038923,1,6412.176712,20.43220905,1.86E-05,1,0.225544307,327.7189708
333.379369,167539.4903,0.0366409,0.12124737,0.0366409,3412.095303,7.443705657,0.016539982,1,4544.606732,15.026441,1.83E-05,1,0.302199544,314.8754672
338.894373,89089.1969,0.15518203,0.292186111,0.15518203,8947.020621,30.09228942,0.031605077,1,4959.354283,16.26461583,1.84E-05,1,0.531106798,326.2948837
304.531507,155324.0598,0.04328806,0.029762088,0.029762088,2254.789621,4.378332976,0.016292185,1,2371.63499,8.209782635,1.81E-05,0.986059118,1,304.531507
327.780449,127684.5587,0.01390691,0.122036687,0.01390691,2220.960144,5.712136692,0.021340242,1,4121.996674,13.75022745,1.83E-05,1,0.113956797,301.7157623
356.165258,88682.6201,0.17053129,0.60604981,0.17053129,10162.26841,33.72863624,0.033371876,1,6263.964225,20.01931927,1.86E-05,1,0.281381641,329.0125825
312.251359,112181.5917,0.01875706,0.063055578,0.01875706,1986.893245,6.133560163,0.02313591,1,2952.165067,10.09486221,1.82E-05,1,0.297468687,297.9317029
264.559903,131394.935,0.15653473,0.002252389,0.002252389,-151.4011348,-2.690824121,0.016724895,1,0,0,0,0.84536937,1,264.559903
287.708997,77834.6932,0.17480265,0.021371772,0.021371772,1389.620833,7.191599938,0.030721283,1,1102.661857,3.927980215,1.80E-05,0.843218422,1,287.708997
381.145125,181986.4648,0.03173989,0.740164873,0.03173989,4595.344998,9.953931631,0.017415886,1,8160.357452,25.16044919,1.89E-05,1,0.042882189,323.2609347
277.676515,144390.4088,0.12419676,0.005878849,0.005878849,393.3915202,-1.455903627,0.015976495,1,345.3821501,1.244616165,1.80E-05,0.880982403,1,277.676515
315.362946,132087.3368,0.17100536,0.063209304,0.063209304,4084.798162,11.71482029,0.019839609,1,3186.765182,10.84130955,1.82E-05,0.884930479,1,315.362946
380.834864,185385.5459,0.01092507,0.719259425,0.01092507,3638.490275,6.525523632,0.017083713,1,8136.785452,25.09841007,1.89E-05,1,0.015189332,317.9186899
256.69022,155737.0637,0.06260077,0.000933124,0.000933124,-442.3403444,-5.223344619,0.013686121,1,0,0,0,0.938274757,1,256.69022
300.11122,50500.0013,0.01276733,0.07069157,0.01276733,1365.589796,10.67979633,0.049401849,1,2037.041966,7.109288518,1.81E-05,1,0.180606118,282.8011233
326.53569,79249.4994,0.0638304,0.184889889,0.0638304,4446.933691,17.09062602,0.034249233,1,4027.458733,13.46396446,1.83E-05,1,0.345234672,309.021316
384.854343,188166.8514,0.14022404,0.810007779,0.14022404,9640.430745,25.60955048,0.016997577,1,8442.966478,25.89803165,1.90E-05,1,0.173114436,342.8837839
300.142511,135523.431,0.08938944,0.026455079,0.026455079,1978.362709,4.587077882,0.01840403,1,2040.808405,7.116716602,1.81E-05,0.935355462,1,300.142511
300.968355,101778.4464,0.15472771,0.036936464,0.036936464,2477.972684,8.640776031,0.024575537,1,2102.445006,7.323822342,1.81E-05,0.877691096,1,300.968355
269.670805,150982.2655,0.02830261,0.003046525,0.003046525,31.75715683,-3.156764719,0.014835805,1,0,0,0,0.974666737,1,269.670805
304.856927,102827.4971,0.08864717,0.04572859,0.04572859,2988.785996,10.24191406,0.02463883,1,2395.278772,8.290499954,1.81E-05,0.955024766,1,304.856927
361.098947,157329.6634,0.11028411,0.415771298,0.11028411,7570.919866,21.00391349,0.019074774,1,6638.336859,21.0596638,1.86E-05,1,0.26525186,333.1107292
325.948961,69360.0889,0.03555275,0.205245289,0.03555275,3150.640455,13.96652968,0.039066552,1,3983.098512,13.32854472,1.83E-05,1,0.173220785,300.2283975
297.030917,130118.0398,0.03553823,0.022898072,0.022898072,1727.182155,4.075998289,0.01896985,1,1806.343525,6.33178756,1.81E-05,0.987063624,1,297.030917
373.638118,151997.978,0.08395302,0.682683724,0.08395302,6749.415511,18.56193052,0.020435532,1,7589.147577,23.64833011,1.88E-05,1,0.122974984,329.4918988
360.463658,169636.9054,0.03047811,0.37649579,0.03047811,3929.254474,8.703986972,0.017667414,1,6590.407908,20.92618053,1.86E-05,1,0.080952061,318.3566548
375.987726,143604.2542,0.04671587,0.783855302,0.04671587,5126.261731,13.78077149,0.021769817,1,7767.557471,24.12475017,1.88E-05,1,0.059597568,321.8004815
366.894055,111037.2908,0.17590875,0.730283991,0.17590875,10727.20902,33.48371921,0.027454794,1,7076.797585,22.26663597,1.87E-05,1,0.240877182,334.7333313
335.422291,67502.93,0.0626396,0.329487147,0.0626396,4656.027456,19.04507661,0.041307155,1,4697.139707,15.48806549,1.83E-05,1,0.190112423,307.3620852
331.153983,71994.3522,0.03198929,0.253633943,0.03198929,3141.842781,13.58231033,0.03823923,1,4375.395948,14.52244364,1.83E-05,1,0.126123853,300.6837189
293.425213,175218.976,0.15913107,0.01366633,0.01366633,1202.114939,-0.20448759,0.013913519,1,1535.409817,5.41130759,1.80E-05,0.852519746,1,293.425213
256.937037,141961.7243,0.17173992,0.001046875,0.001046875,-428.7949793,-4.401022972,0.015030394,1,0,0,0,0.829128074,1,256.937037
328.712651,118711.2677,0.06469539,0.137226405,0.06469539,4547.259892,14.04513838,0.023014096,1,4192.106935,13.96431748,1.83E-05,1,0.471450008,316.014976
373.395756,157572.6167,0.01908473,0.653210469,0.01908473,3792.295217,8.596366336,0.01970471,1,7570.81507,23.59896869,1.88E-05,1,0.029216816,316.3102626
348.963565,168083.9716,0.12583887,0.239584714,0.12583887,7911.605994,21.61095824,0.017248206,1,5720.67564,18.47413305,1.85E-05,1,0.525237475,335.6320247
323.714033,170035.8507,0.16566082,0.075232887,0.075232887,4871.333464,12.11798358,0.01581777,1,3816.284436,12.80934692,1.82E-05,0.902215453,1,323.714033
266.767709,105660.2113,0.02002009,0.003391341,0.003391341,-33.6242622,-0.434621048,0.020976473,1,0,0,0,0.983314666,1,266.767709
299.307243,70555.6421,0.0012396,0.048284161,0.0012396,820.1825726,5.911485448,0.035262634,1,1976.820104,6.907144486,1.81E-05,1,0.025673015,279.7076164
280.071518,133131.294,0.14278477,0.007524988,0.007524988,538.3092278,-0.257540263,0.017478732,1,526.5367776,1.894941177,1.80E-05,0.863714673,1,280.071518
331.825751,69847.0841,0.14294032,0.269764472,0.14294032,8183.973534,29.80363384,0.039477054,1,4426.002261,14.67522551,1.83E-05,1,0.529870812,319.7965964
250.727127,77711.8778,0.12460571,0.001054316,0.001054316,-603.5034241,-0.084245868,0.026805493,1,0,0,0,0.876318206,1,250.727127
301.984365,112431.9192,0.1638109,0.035482563,0.035482563,2441.358202,7.691486044,0.022321421,1,2179.133816,7.57756103,1.81E-05,0.866950734,1,301.984365
344.266829,121647.9235,0.02873484,0.270981431,0.02873484,3376.432836,9.857906156,0.023527764,1,5365.290351,17.45128952,1.84E-05,1,0.106039886,309.7691598
258.51847,186687.8823,0.15612573,0.000923253,0.000923253,-392.1977118,-6.533775493,0.01149612,1,0,0,0,0.844654099,1,258.51847
330.763308,164072.3299,0.1063915,0.109564184,0.1063915,6488.479481,17.48782183,0.01674661,1,4347.349656,14.43260905,1.83E-05,1,0.971042687,330.2097926
251.550741,135661.928,0.03380132,0.000656153,0.000656153,-602.8191321,-4.710215399,0.015397555,1,0,0,0,0.96683307,1,251.550741
305.337242,120622.6383,0.0062119,0.040076557,0.0062119,1217.407955,2.870876649,0.021039412,1,2431.734487,8.40893289,1.81E-05,1,0.155000839,290.0967023
355.92178,119464.2447,0.1775132,0.446490247,0.1775132,10467.06025,32.17503912,0.024749399,1,6245.983925,19.96721325,1.86E-05,1,0.397574642,335.7374226
319.360268,129918.8475,0.01471306,0.079034024,0.01471306,2010.939083,4.93379871,0.020432875,1,3487.739957,11.7898116,1.82E-05,1,0.186161088,299.9571713
295.843455,117099.4811,0.079629,0.023673358,0.023673358,1728.348679,4.957189164,0.020995274,1,1716.661298,6.030046648,1.81E-05,0.94268758,1,295.843455
356.158127,123035.1149,0.10600532,0.437698584,0.10600532,7232.240898,22.03963373,0.0240596,1,6263.913284,20.01738469,1.86E-05,1,0.242187944,327.2898069
278.718693,73305.9212,0.02822989,0.012422348,0.012422348,724.1262438,5.363805758,0.031599062,1,423.0549685,1.528420074,1.80E-05,0.983993621,1,278.718693
328.2263,67905.9171,0.06056226,0.234004917,0.06056226,4349.751778,18.0529991,0.040179746,1,4154.677542,13.85319394,1.83E-05,1,0.258807638,306.1400513
351.280415,84611.7106,0.03483609,0.521786277,0.03483609,3861.252376,14.40139855,0.03451695,1,5894.541685,18.97513297,1.85E-05,1,0.06676314,307.031404
307.321284,174965.1471,0.08410937,0.030927003,0.030927003,2387.804019,3.828622204,0.014595286,1,2581.998245,8.896251801,1.81E-05,0.945120371,1,307.321284
362.966581,104118.965,0.05907315,0.672294156,0.05907315,5305.230595,17.24436654,0.028982634,1,6779.043594,21.45106288,1.87E-05,1,0.087868011,317.0947934
280.619829,179368.9867,0.05618503,0.005807926,0.005807926,473.4303259,-2.971442718,0.012995595,1,568.8459903,2.042887739,1.80E-05,0.9493286,1,280.619829
303.395631,120106.5253,0.14912698,0.036037438,0.036037438,2507.216289,7.361001907,0.020992404,1,2285.530666,7.928607325,1.81E-05,0.882682641,1,303.395631
264.354887,92722.7657,0.08107167,0.003130019,0.003130019,-114.602538,0.345532192,0.023688441,1,0,0,0,0.921813625,1,264.354887
258.304768,83992.6201,0.12375827,0.002003466,0.002003466,-340.7570977,0.301974874,0.025551801,1,0,0,0,0.878000774,1,258.304768
252.967802,95670.2734,0.09823367,0.00106505,0.00106505,-539.443327,-1.557052194,0.021965525,1,0,0,0,0.90272778,1,252.967802
319.180604,95913.9242,0.01857468,0.105980042,0.01857468,2182.408876,8.052718972,0.027662938,1,3473.675606,11.74769873,1.82E-05,1,0.17526583,297.7364375
348.28305,156542.2398,0.02386332,0.249953335,0.02386332,3271.613656,7.348660082,0.01849707,1,5669.098563,18.32679998,1.85E-05,1,0.0954711,312.8572659
314.223731,93937.0502,0.19182567,0.083612818,0.083612818,4975.816898,17.38943718,0.027796797,1,3100.380485,10.56909391,1.82E-05,0.881913612,1,314.223731
248.407681,189870.4085,0.15408437,0.000344991,0.000344991,-713.5936742,-7.945928702,0.010857511,1,0,0,0,0.846207564,1,248.407681
290.753763,157626.0283,0.14836778,0.012850298,0.012850298,1088.481203,0.28217893,0.015326103,1,1333.716667,4.721870938,1.80E-05,0.862718409,1,290.753763
284.933059,117052.1922,0.12020546,0.0118683,0.0118683,877.1627089,2.018355524,0.020227496,1,893.7713806,3.195937511,1.80E-05,0.890361619,1,284.933059
316.501776,129117.2189,0.0457764,0.068626268,0.0457764,3331.344167,9.452780122,0.020372257,1,3272.469951,11.1127564,1.82E-05,1,0.667039039,310.4351584
265.001501,81999.5627,0.05128343,0.003744372,0.003744372,-67.20799788,1.545444352,0.026853973,1,0,0,0,0.952282269,1,265.001501
355.888549,93337.308,0.08801815,0.569765994,0.08801815,6410.478706,21.76234526,0.031695889,1,6243.0984,19.960469,1.86E-05,1,0.154481227,319.4437813
313.626385,195017.2916,0.0584403,0.03912252,0.03912252,2941.499499,4.752451588,0.013362872,1,3057.014866,10.42510597,1.82E-05,0.979895689,1,313.626385
268.964858,89076.6458,0.07572557,0.004852636,0.004852636,97.56072037,1.473688126,0.02509007,1,0,0,0,0.928781469,1,268.964858
278.005229,131751.3815,0.14437707,0.00658977,0.00658977,435.9879027,-0.539740392,0.017531117,1,370.0603176,1.334256932,1.80E-05,0.86129869,1,278.005229
283.275103,198487.3839,0.16405476,0.006284903,0.006284903,571.0362777,-3.464042736,0.011854503,1,769.9442603,2.754919167,1.80E-05,0.841232304,1,283.275103
324.589149,71811.8492,0.03241776,0.185493631,0.03241776,2968.696811,13.08110726,0.037575184,1,3880.687137,13.01355543,1.82E-05,1,0.174764815,299.6080155
256.96857,51319.4126,0.08914873,0.002893247,0.002893247,-336.7242448,4.409430777,0.041613875,1,0,0,0,0.913494234,1,256.96857
377.615508,130405.385,0.00627306,0.911579627,0.00627306,3334.293557,8.446416234,0.024079341,1,7891.131221,24.45336533,1.89E-05,1,0.006881527,310.4678078
295.767476,172759.2785,0.18323108,0.015998417,0.015998417,1375.966335,0.51369202,0.014224775,1,1711.872096,6.010458446,1.81E-05,0.83004838,1,295.767476
253.285218,62570.5801,0.11439969,0.001676374,0.001676374,-499.6693819,2.127615273,0.033637433,1,0,0,0,0.887087401,1,253.285218
346.799288,135254.7976,0.19988733,0.271607962,0.19988733,11200.25028,33.38275147,0.021287477,1,5556.716081,18.0045665,1.85E-05,1,0.735940613,340.1417868
333.037715,154450.1042,0.19918473,0.129413814,0.129413814,7597.274602,21.4163028,0.017909196,1,4518.651055,14.94926459,1.83E-05,0.919857543,1,333.037715
307.13009,164914.5628,0.03682775,0.032455389,0.032455389,2451.878581,4.535426935,0.015475457,1,2567.440462,8.849459828,1.81E-05,0.995480972,1,307.13009
266.736311,104059.713,0.11119655,0.003433964,0.003433964,-32.48721778,-0.30350997,0.021296817,1,0,0,0,0.891866086,1,266.736311
318.870461,110104.6938,0.1723738,0.090902989,0.090902989,5440.994611,17.53850708,0.02406374,1,3450.541819,11.67437525,1.82E-05,0.91038271,1,318.870461
346.10923,131573.2087,0.03915589,0.271135107,0.03915589,3902.595183,10.93857604,0.021868691,1,5504.548827,17.8541879,1.85E-05,1,0.144414681,314.1665036
246.813214,148324.0542,0.06758582,0.000375651,0.000375651,-754.7544981,-6.062217888,0.013814495,1,0,0,0,0.932764574,1,246.813214
317.546703,70052.01,0.00441754,0.133319342,0.00441754,1495.720176,8.24346987,0.037684171,1,3350.22284,11.36140315,1.82E-05,1,0.033135027,287.6173789
290.578658,108920.7586,0.13791471,0.018364685,0.018364685,1335.561929,4.214666028,0.022170048,1,1319.679339,4.67659994,1.80E-05,0.878213402,1,290.578658
276.449785,143520.6255,0.14548843,0.005425238,0.005425238,337.2317835,-1.609730713,0.016002071,1,252.3801934,0.909001469,1.80E-05,0.859172787,1,276.449785
270.312335,73341.6859,0.09802357,0.006600885,0.006600885,216.8302471,3.528276443,0.030629106,1,0,0,0,0.907969835,1,270.312335
341.189061,71554.3578,0.166796,0.402242994,0.166796,9544.3991,33.71438004,0.03962038,1,5132.238376,16.77398635,1.84E-05,1,0.414664773,323.565096
315.291829,85516.5218,0.05112902,0.09714584,0.05112902,3540.895321,13.56532966,0.030644784,1,3180.671219,10.82466756,1.82E-05,1,0.526311987,305.5926511
364.186933,158650.9477,0.07359617,0.463694212,0.07359617,5997.798601,15.95047888,0.019082777,1,6872.261657,21.70465484,1.87E-05,1,0.158717034,327.4325058
317.34431,84878.7205,0.0833383,0.108932204,0.0833383,5056.772602,18.48807441,0.031071517,1,3335.215561,11.31327851,1.82E-05,1,0.765047408,312.8795951
243.210801,79681.1378,0.18116151,0.000481906,0.000481906,-848.2304478,-1.283097117,0.025355971,1,0,0,0,0.819233283,1,243.210801
274.479419,186787.7984,0.07870766,0.00362782,0.00362782,195.3788822,-4.320367409,0.012204349,1,103.6592466,0.366277723,1.80E-05,0.924646792,1,274.479419
257.822249,165254.1706,0.13368413,0.000977266,0.000977266,-408.1847892,-5.582862139,0.012954179,1,0,0,0,0.867163319,1,257.822249
366.448437,184009.3571,0.10338287,0.435588375,0.10338287,7415.495567,19.16079285,0.016551635,1,7044.018666,22.17351676,1.87E-05,1,0.237340746,335.6314044
342.097345,147021.0331,0.03586068,0.204290118,0.03586068,3634.329406,9.174605519,0.019343414,1,5201.902205,16.97382822,1.84E-05,1,0.175538006,314.3059615
259.973517,137681.1611,0.18460644,0.001427129,0.001427129,-322.7841843,-3.735087564,0.015682424,1,0,0,0,0.816558895,1,259.973517
342.070001,105522.945,0.14214682,0.283898535,0.14214682,8450.221258,27.16357117,0.026933731,1,5199.225342,16.96823677,1.84E-05,1,0.500695855,328.1824375
287.462675,91148.6557,0.06164065,0.017968957,0.017968957,1227.995987,5.322821575,0.02620997,1,1084.302385,3.863305525,1.80E-05,0.955529213,1,287.462675
335.002917,64026.441,0.03271898,0.340735793,0.03271898,3288.298397,15.00842266,0.043498917,1,4665.461873,15.39375499,1.83E-05,1,0.096024488,299.8446545
321.958237,145705.1951,0.0513466,0.080396757,0.0513466,3742.460996,9.770989367,0.018363789,1,3683.652365,12.39988584,1.82E-05,1,0.638665062,314.8854598
381.94929,150979.6078,0.19751988,0.913569304,0.19751988,12160.16091,35.07702266,0.02101603,1,8221.172903,25.32137848,1.89E-05,1,0.216206783,344.3035866
329.789089,172841.2836,0.18313415,0.09934638,0.09934638,6140.364143,15.9711286,0.015850436,1,4274.05756,14.21021161,1.83E-05,0.90697004,1,329.789089
259.676118,151659.772,0.16515663,0.001261709,0.001261709,-340.1205166,-4.60556594,0.014219038,1,0,0,0,0.83589803,1,259.676118
286.650064,147735.5935,0.11684942,0.010534944,0.010534944,864.921943,0.038310128,0.016121164,1,1023.948327,3.649499868,1.80E-05,0.892553582,1,286.650064
339.619997,192550.8162,0.03511022,0.140056927,0.03511022,3524.880572,6.597685548,0.014661598,1,5015.638806,16.42491471,1.84E-05,1,0.250685352,317.7899674
318.084283,71281.1631,0.03396844,0.134710098,0.03396844,2848.130749,12.78371281,0.037094901,1,3390.725503,11.48877363,1.82E-05,1,0.252159568,298.758829
330.878118,76029.6999,0.01534743,0.237114688,0.01534743,2379.714363,10.53396748,0.036180409,1,4354.663199,14.45958684,1.83E-05,1,0.064725767,296.2986557
278.891522,61224.0981,0.16505308,0.015047068,0.015047068,848.383128,7.297027481,0.037860579,1,435.9272383,1.575370224,1.80E-05,0.847702355,1,278.891522
293.221524,64475.4855,0.07908962,0.036553305,0.036553305,2236.55612,11.62271149,0.03779939,1,1518.180667,5.359383875,1.80E-05,0.955849851,1,293.221524
368.936734,194396.8563,0.09509979,0.452085746,0.09509979,7113.044385,17.7278935,0.01577479,1,7232.862326,22.68658079,1.87E-05,1,0.21035786,335.6139398
296.788974,74186.3269,0.17480425,0.039516405,0.039516405,2473.983123,11.25176006,0.033250159,1,1787.179443,6.27064515,1.81E-05,0.859146116,1,296.788974
278.538038,164804.8541,0.11556412,0.005473475,0.005473475,398.6975669,-2.536794184,0.014039611,1,411.0110156,1.479277959,1.80E-05,0.88930346,1,278.538038
362.817007,182256.4307,0.10979321,0.383680244,0.10979321,7597.964745,19.84924583,0.016543652,1,6768.80326,21.41882656,1.87E-05,1,0.286158101,336.0987905
252.232858,175453.9911,0.01774218,0.000542967,0.000542967,-591.7058027,-6.802221948,0.011933666,1,0,0,0,0.982791443,1,252.232858
252.035173,156675.2437,0.19543314,0.000596034,0.000596034,-593.3478979,-5.868638828,0.01335572,1,0,0,0,0.805046695,1,252.035173
307.996024,194574.1279,0.11475315,0.028887216,0.028887216,2314.184022,2.696356431,0.013152715,1,2633.115291,9.061245561,1.81E-05,0.911579855,1,307.996024
278.281195,170019.08,0.09697141,0.005212546,0.005212546,379.0444247,-2.867217366,0.013596056,1,391.6514378,1.409404239,1.80E-05,0.907760332,1,278.281195
304.351937,59517.1298,0.09568802,0.076675785,0.076675785,4374.47125,19.25613199,0.042500315,1,2356.545968,8.165916094,1.81E-05,0.979408928,1,304.351937
274.226177,184998.693,0.00548817,0.00359657,0.00359657,186.7200576,-4.272153897,0.012311064,1,84.39654927,0.296183791,1.80E-05,0.998101572,1,274.226177
274.976796,142134.4577,0.01071472,0.004932936,0.004932936,272.1917708,-1.766408224,0.016071776,1,140.6050889,0.503687503,1.80E-05,0.994189554,1,274.976796
293.707752,168729.7382,0.18153406,0.014438908,0.014438908,1245.677656,0.260875567,0.014462915,1,1556.594281,5.483868964,1.80E-05,0.83045683,1,293.707752
243.798211,117228.4458,0.17692,0.000348768,0.000348768,-840.8175706,-4.459711896,0.017269556,1,0,0,0,0.823367164,1,243.798211
282.142198,64368.4412,0.11305857,0.017880494,0.017880494,1070.690281,7.661728881,0.036430845,1,681.9493997,2.452211022,1.80E-05,0.903089109,1,282.142198
284.942563,76768.4531,0.1324164,0.01808416,0.01808416,1160.675299,6.514313143,0.030848227,1,893.7861658,3.198537568,1.80E-05,0.883562078,1,284.942563
299.339638,187245.4402,0.06450848,0.018289716,0.018289716,1582.838967,0.551055022,0.01328271,1,1981.19958,6.91472969,1.81E-05,0.952920159,1,299.339638
262.271138,146244.8327,0.08416735,0.001653318,0.001653318,-246.3580591,-3.942686921,0.014894352,1,0,0,0,0.91734932,1,262.271138
245.728226,126252.3065,0.06287339,0.000394947,0.000394947,-783.3812962,-4.840646325,0.016161383,1,0,0,0,0.937496872,1,245.728226
299.27872,134834.8442,0.12490964,0.025269996,0.025269996,1899.648587,4.363893795,0.018444743,1,1975.740299,6.899654871,1.81E-05,0.897777186,1,299.27872
363.706971,90943.9914,0.15870746,0.790368408,0.15870746,9852.737754,32.52829585,0.033235648,1,6834.95288,21.60561706,1.87E-05,1,0.200801877,328.7143359
327.882392,170638.3552,0.04769245,0.091867559,0.04769245,3750.082703,8.450545176,0.01596961,1,4130.337449,13.77327545,1.83E-05,1,0.519143543,317.4010893
295.046922,191864.4523,0.17564796,0.013794806,0.013794806,1254.162154,-0.78091651,0.012776196,1,1657.90203,5.826593413,1.81E-05,0.835882883,1,295.046922
298.204475,168292.6527,0.12279427,0.019013538,0.019013538,1583.585743,1.443614566,0.014723201,1,1895.384503,6.628649759,1.81E-05,0.894207784,1,298.204475
250.866794,96453.8411,0.02821041,0.00086186,0.00086186,-609.8425475,-1.904560403,0.02160522,1,0,0,0,0.972627859,1,250.866794
346.943634,100248.2049,0.18360316,0.368173264,0.18360316,10474.25097,33.69521834,0.02874824,1,5567.107319,18.03638709,1.85E-05,1,0.498686836,332.2657297
272.286581,88069.6215,0.18738681,0.006485642,0.006485642,267.9805935,2.196309868,0.025691429,1,0,0,0,0.817917913,1,272.286581
261.594051,164982.8282,0.03908008,0.001380345,0.001380345,-280.0019879,-5.073558385,0.013166597,1,0,0,0,0.962248155,1,261.594051
361.052561,153065.1266,0.01475519,0.426507746,0.01475519,3233.110689,7.168543853,0.019613138,1,6634.764639,21.04999063,1.86E-05,1,0.034595362,312.2348848
279.712901,136192.2664,0.13804216,0.007177403,0.007177403,511.9488184,-0.541402423,0.017063667,1,499.4501972,1.797969087,1.80E-05,0.868189183,1,279.712901
352.587041,110467.3116,0.03548881,0.422164654,0.03548881,3927.952038,12.38862658,0.026536196,1,5993.680934,19.25547101,1.85E-05,1,0.084063906,311.5274569
244.638593,106718.4191,0.17680397,0.000417573,0.000417573,-812.207415,-3.562272778,0.019038179,1,0,0,0,0.823539918,1,244.638593
356.467058,121982.795,0.09337965,0.446882769,0.09337965,6668.828071,20.34577243,0.024290101,1,6287.268743,20.08298723,1.86E-05,1,0.208957822,325.1958975
258.118505,155071.1952,0.03196717,0.001069869,0.001069869,-394.4756243,-5.001137292,0.013821933,1,0,0,0,0.969069607,1,258.118505
245.695688,154716.0074,0.09018477,0.000321659,0.000321659,-790.3911559,-6.557503888,0.013182517,1,0,0,0,0.910107974,1,245.695688
255.167209,157705.0728,0.10346142,0.000798827,0.000798827,-492.9759877,-5.526156606,0.013434396,1,0,0,0,0.897255331,1,255.167209
385.556022,165506.4594,0.03238884,0.939901732,0.03238884,4755.686144,11.18323532,0.019371816,1,8496.157521,26.03723293,1.90E-05,1,0.034459815,322.4415513
330.226906,166234.5243,0.17643496,0.105441368,0.105441368,6429.329707,17.19627526,0.016501798,1,4306.953687,14.31026067,1.83E-05,0.920638414,1,330.226906
282.876554,181219.3541,0.19422294,0.006698578,0.006698578,579.3247609,-2.676570063,0.012966769,1,739.5212131,2.648545241,1.80E-05,0.81121102,1,282.876554
288.774952,190784.4581,0.03637689,0.009371094,0.009371094,871.3986376,-2.06854708,0.012574256,1,1185.038261,4.206703885,1.80E-05,0.972738736,1,288.774952
336.981774,130358.1437,0.11078436,0.183533524,0.11078436,6876.189322,20.58155682,0.021479105,1,4815.696759,15.83727122,1.84E-05,1,0.603619206,327.2932846
362.200847,183557.9093,0.06221439,0.372143732,0.06221439,5420.76628,12.91679189,0.016403915,1,6722.151116,21.29006716,1.86E-05,1,0.16717839,327.5824352
245.117908,137813.0535,0.07390233,0.000340154,0.000340154,-804.7608571,-5.655493947,0.014766891,1,0,0,0,0.926412793,1,245.117908
292.186373,108810.7305,0.1500784,0.02033658,0.02033658,1471.490398,4.690688829,0.022315485,1,1440.900223,5.092627629,1.80E-05,0.867564903,1,292.186373
323.86463,143992.9453,0.02911333,0.0894447,0.02911333,2793.421549,6.717032977,0.018695026,1,3827.224852,12.84460255,1.82E-05,1,0.325489715,308.1413949
254.266489,128845.2648,0.11062642,0.000896649,0.000896649,-512.2168286,-3.922888443,0.016389207,1,0,0,0,0.890171752,1,254.266489
292.218781,153218.3002,0.09191948,0.014490976,0.014490976,1205.600414,0.92549626,0.015846969,1,1444.098613,5.100831195,1.80E-05,0.921432983,1,292.218781
283.162006,89916.6775,0.11474567,0.013720623,0.013720623,911.0012569,4.329196126,0.02617099,1,759.4901016,2.72491522,1.80E-05,0.897569543,1,283.162006
339.411382,122943.7738,0.1640829,0.216910391,0.1640829,9359.90341,28.6691855,0.022928794,1,4998.864094,16.37927644,1.84E-05,1,0.75645477,333.6973368
283.945762,111032.7354,0.11742419,0.01171643,0.01171643,841.9465444,2.333093137,0.021250577,1,819.0854152,2.933746134,1.80E-05,0.89303904,1,283.945762
367.739532,196403.5755,5.74E-05,0.428290581,5.74E-05,2759.266603,3.175339079,0.015570105,1,7142.085593,22.44002909,1.87E-05,1,0.000133904,312.2681608
264.626169,64602.0643,0.06757182,0.004595764,0.004595764,-38.34719186,3.634304971,0.034041583,1,0,0,0,0.936733184,1,264.626169
350.538651,146055.2589,0.09345393,0.294093432,0.09345393,6494.010747,18.35609774,0.019946908,1,5839.368999,18.81466388,1.85E-05,1,0.317769524,327.9337651
346.39095,82771.5528,0.01101233,0.435229423,0.01101233,2636.766167,10.47649621,0.034793998,1,5525.111038,17.91617498,1.85E-05,1,0.025302356,299.2694552
251.491549,153544.4718,0.18048559,0.000576873,0.000576873,-609.773103,-5.76639875,0.013598835,1,0,0,0,0.819987439,1,251.491549
292.872956,188212.6452,0.11635752,0.012299736,0.012299736,1123.420022,-1.073942698,0.012927897,1,1494.00521,5.26926684,1.80E-05,0.894646395,1,292.872956
371.082258,189800.0198,0.11880121,0.500371852,0.11880121,8253.424675,21.45166547,0.016248262,1,7395.600615,23.12663682,1.88E-05,1,0.237425845,339.0359318
314.088409,54664.8232,0.12769415,0.142491825,0.12769415,6967.144975,28.09431279,0.047746345,1,3089.565995,10.53694062,1.82E-05,1,0.89615071,312.1990193
387.976479,187941.9636,0.15034367,0.897223926,0.15034367,10194.70042,27.26612151,0.017155222,1,8681.049818,26.51417874,1.90E-05,1,0.167565382,344.3322394
282.649361,123093.6678,0.07567294,0.009693919,0.009693919,712.0421775,1.015367663,0.01907957,1,721.3259893,2.587901429,1.80E-05,0.933375123,1,282.649361
321.255466,82492.5979,0.14894492,0.136844212,0.136844212,7590.016967,26.60493887,0.032354039,1,3629.733528,12.23581257,1.82E-05,0.985980853,1,321.255466
279.29039,108413.6286,0.0271637,0.008749284,0.008749284,572.5789217,1.573170288,0.021406387,1,466.9714407,1.683557258,1.80E-05,0.981423049,1,279.29039
301.719727,150950.4976,0.11281047,0.02605399,0.02605399,2005.367361,3.779864345,0.016609419,1,2159.84076,7.511337417,1.81E-05,0.910922701,1,301.719727
258.239415,111495.5474,0.12878975,0.001501934,0.001501934,-367.6567369,-2.15583349,0.019239723,1,0,0,0,0.872520719,1,258.239415
318.768384,131550.7467,0.01528938,0.075729667,0.01528938,2019.591571,4.866481546,0.020141794,1,3443.191701,11.65009693,1.82E-05,1,0.201894192,300.1951018
279.945384,88543.1876,0.16473158,0.011200078,0.011200078,703.6512625,3.723483528,0.026274575,1,516.1975147,1.860885318,1.80E-05,0.844729456,1,279.945384
263.374694,93959.9727,0.02936506,0.002832882,0.002832882,-156.6356758,0.076072735,0.023289345,1,0,0,0,0.973392446,1,263.374694
333.749782,53222.5935,0.19816774,0.386774944,0.19816774,10743.27807,39.77662069,0.05210124,1,4570.806776,15.11126758,1.83E-05,1,0.512359302,320.6470002
298.088363,75588.8132,0.14257645,0.04192775,0.04192775,2620.763226,11.58321454,0.032775901,1,1885.091668,6.599745095,1.81E-05,0.89494665,1,298.088363
311.507828,167240.217,0.18849824,0.040695665,0.040695665,2952.209033,6.071063162,0.015477728,1,2897.066883,9.914993479,1.81E-05,0.845927335,1,311.507828
313.012639,100228.4848,0.10323245,0.073488954,0.073488954,4482.320764,15.28297292,0.025952121,1,3009.292456,10.27828682,1.82E-05,0.967897311,1,313.012639
327.056964,155778.1277,0.11310835,0.096669757,0.096669757,5939.892172,16.21311544,0.017442052,1,4067.913062,13.58347796,1.83E-05,0.981802233,1,327.056964
363.61291,190659.4644,0.15678697,0.378138028,0.15678697,9751.343699,26.0791383,0.015841377,1,6829.214496,21.5847185,1.87E-05,1,0.414628941,343.6552767
347.868194,52151.5603,0.15435153,0.733080473,0.15435153,9183.99839,35.22504516,0.055440182,1,5636.242308,18.23794805,1.85E-05,1,0.210551959,316.8041751
337.838993,108381.0514,0.11791481,0.229274141,0.11791481,7226.708112,23.19781084,0.025902029,1,4880.026555,16.02912494,1.84E-05,1,0.514296159,325.0300266
370.875405,187605.9621,0.04161508,0.502407435,0.04161508,4741.282428,10.38669603,0.016437272,1,7379.870868,23.08434715,1.88E-05,1,0.082831338,324.5886988
364.266036,89970.657,0.04542939,0.815719715,0.04542939,4724.403622,16.54869539,0.033661974,1,6877.301189,21.72201284,1.87E-05,1,0.055692402,312.1288495
258.365858,54785.8245,0.0662244,0.003085086,0.003085086,-287.7356192,4.055575166,0.039192179,1,0,0,0,0.936665293,1,258.365858
258.97514,66406.0723,0.17825784,0.002693117,0.002693117,-288.65971,2.454671742,0.032407451,1,0,0,0,0.823961184,1,258.97514
288.977888,82043.9705,0.03865466,0.022002445,0.022002445,1454.819476,6.978717643,0.02927333,1,1198.477191,4.260013422,1.80E-05,0.982973153,1,288.977888
329.454434,186206.8865,0.12282953,0.090791781,0.090791781,5742.806944,14.10568128,0.014698243,1,4249.040785,14.1335746,1.83E-05,0.964763024,1,329.454434
246.112793,118843.3141,0.19807921,0.000436143,0.000436143,-769.6033634,-4.282261193,0.017197249,1,0,0,0,0.802270695,1,246.112793
307.716435,64607.0783,0.0125837,0.085356115,0.0125837,1578.380894,9.330209797,0.039593222,1,2609.959095,8.993678242,1.81E-05,1,0.147425875,287.5605064
295.319596,194574.731,0.02601238,0.013831828,0.013831828,1263.617886,-0.865214581,0.012609809,1,1678.493278,5.896185149,1.81E-05,0.987648606,1,295.319596
355.278057,190585.6716,0.01087214,0.273579364,0.01087214,2885.655384,4.247314975,0.015499689,1,6198.307142,19.82942547,1.86E-05,1,0.039740351,312.8685965
382.241085,166033.1775,0.05146622,0.840271361,0.05146622,5526.287027,13.7649593,0.019142734,1,8243.590375,25.37930261,1.89E-05,1,0.061249523,326.1602615
243.467785,62531.5348,0.08003583,0.000630151,0.000630151,-832.3921116,0.795493938,0.032350194,1,0,0,0,0.920544252,1,243.467785
339.738349,198531.2462,0.17491931,0.136573269,0.136573269,8116.195907,20.90710401,0.014209717,1,5024.656965,16.45114002,1.84E-05,0.955588541,1,339.738349
353.059177,130447.1102,0.13939539,0.364759889,0.13939539,8652.413794,25.96155983,0.022488249,1,6029.661391,19.3564002,1.85E-05,1,0.382156575,332.815147
258.653026,112355.6159,0.03546074,0.001548323,0.001548323,-353.5944356,-2.16515628,0.019123031,1,0,0,0,0.966034994,1,258.653026
341.08255,114328.9697,0.01542133,0.251037923,0.01542133,2679.739406,8.037164843,0.02480287,1,5124.834136,16.74997408,1.84E-05,1,0.06143028,304.0305363
289.309695,108025.6756,0.19432369,0.017082456,0.017082456,1240.728205,3.955461948,0.02225601,1,1223.954589,4.346506162,1.80E-05,0.819678431,1,289.309695
381.104995,179524.3286,0.09275673,0.749144608,0.09275673,7370.387538,19.02469598,0.017647801,1,8157.270155,25.15247089,1.89E-05,1,0.123816856,334.8896231
295.765207,197245.3085,0.07899776,0.014020456,0.014020456,1284.973842,-0.905153568,0.012457815,1,1712.112702,6.009777007,1.81E-05,0.93409873,1,295.765207
347.834344,87183.9283,0.12610043,0.439182373,0.12610043,7898.204709,27.02660255,0.03315769,1,5634.194952,18.23020149,1.85E-05,1,0.287125435,322.9552497
251.762826,74637.6904,0.19902869,0.001214108,0.001214108,-565.882164,0.40077787,0.028026032,1,0,0,0,0.801944958,1,251.762826
354.794905,58376.5131,0.18817586,0.869032828,0.18817586,10925.58898,39.50081188,0.050507721,1,6159.879983,19.72810271,1.86E-05,1,0.216534812,322.5520829
334.987988,134928.3463,0.13836044,0.161977958,0.13836044,8062.524044,23.96062012,0.020621932,1,4665.403561,15.38969903,1.83E-05,1,0.854193011,331.8744668
249.339187,198495.9658,0.02264838,0.0003621,0.0003621,-686.4495034,-8.205418406,0.010424132,1,0,0,0,0.977705647,1,249.339187
347.344226,156130.1485,0.10968773,0.240928484,0.10968773,7133.257266,19.82487535,0.018485964,1,5598.178026,18.12291791,1.85E-05,1,0.455270909,331.5528545
366.267808,196073.0243,0.13817314,0.406275781,0.13817314,8987.155144,23.49251381,0.015520081,1,7030.491695,22.13597805,1.87E-05,1,0.340096916,342.0236546
248.263332,104954.0907,0.12163483,0.000612777,0.000612777,-697.6735926,-2.958540884,0.019646831,1,0,0,0,0.878903742,1,248.263332
363.912551,103922.3352,0.17720397,0.697976277,0.17720397,10696.7813,33.96640201,0.029095996,1,6850.710133,21.64826278,1.87E-05,1,0.253882511,333.3385496
364.478017,139662.0166,0.00205643,0.531955515,0.00205643,2756.980278,6.12117808,0.021700153,1,6894.05509,21.76544576,1.87E-05,1,0.003865793,307.3939722
249.757829,66052.7337,0.00529979,0.001127193,0.001127193,-627.3459885,1.171033036,0.031418142,1,0,0,0,0.995822694,1,249.757829
345.063953,179890.8929,0.19460433,0.189957243,0.189957243,10690.38818,29.50227747,0.015919303,1,5426.327513,17.62526443,1.84E-05,0.994263159,1,345.063953
362.132339,172407.8104,0.03139497,0.394990959,0.03139497,4019.879454,8.844523198,0.017464104,1,6716.806543,21.2758841,1.86E-05,1,0.079482756,319.1605426
266.022878,52246.789,0.15747175,0.006416611,0.006416611,85.33027152,5.857174553,0.042317958,1,0,0,0,0.847969339,1,266.022878
333.875592,141195.8604,0.17176705,0.147102925,0.147102925,8423.057112,24.68781589,0.019637664,1,4581.621283,15.13883392,1.83E-05,0.971081944,1,333.875592
346.198325,142648.5369,0.19920235,0.251125542,0.19920235,11149.56301,32.79242067,0.020147359,1,5511.438863,17.8735019,1.85E-05,1,0.793238108,341.1653132
264.214148,146150.8661,0.04937537,0.001965495,0.001965495,-175.6429962,-3.667501153,0.015014967,1,0,0,0,0.952496758,1,264.214148
282.569104,165194.0882,0.01580313,0.007194341,0.007194341,593.8873887,-1.853727143,0.014210191,1,716.0006715,2.566373669,1.80E-05,0.991328828,1,282.569104
268.989584,171695.6591,0.04814893,0.002530771,0.002530771,-13.0285754,-4.39296989,0.013011155,1,0,0,0,0.954266099,1,268.989584
254.442694,105560.6667,0.10938475,0.00111178,0.00111178,-495.2866801,-2.200147138,0.020022316,1,0,0,0,0.891606521,1,254.442694
261.829734,62086.4831,0.09599948,0.003730797,0.003730797,-158.4860602,3.510643161,0.035046338,1,0,0,0,0.907385793,1,261.829734
282.275879,199293.0488,0.0758231,0.005853244,0.005853244,522.3360227,-3.672342855,0.011764652,1,694.4357058,2.487841001,1.80E-05,0.929618182,1,282.275879
338.975096,62018.0432,0.01246405,0.420677237,0.01246405,2486.659817,12.47899575,0.04544221,1,4965.041015,16.28286219,1.84E-05,1,0.029628534,294.3697754
364.65787,118803.5632,0.16137874,0.628651511,0.16137874,9999.389482,30.74587938,0.025504524,1,6907.394958,21.80310547,1.87E-05,1,0.256706199,334.40889
384.977885,194861.3057,0.15000421,0.785843772,0.15000421,10088.15548,26.68341217,0.016417253,1,8452.469788,25.92239101,1.90E-05,1,0.190882992,344.8585751
251.232326,126807.4277,0.19092577,0.000680289,0.000680289,-610.1905303,-4.17893097,0.016453075,1,0,0,0,0.809625009,1,251.232326
375.62956,180055.8063,0.11307079,0.619301736,0.11307079,8130.117179,21.44992629,0.017339575,1,7740.825819,24.05179219,1.88E-05,1,0.182577867,337.5316791
314.82461,110689.747,0.19054427,0.073280274,0.073280274,4525.46547,14.59557494,0.023634741,1,3145.890651,10.71282164,1.82E-05,0.873463364,1,314.82461
359.055191,104761.6782,0.16379032,0.57525506,0.16379032,9941.595431,31.65964679,0.028478442,1,6482.872216,20.63062771,1.86E-05,1,0.284726431,331.7779291
364.046801,146563.0245,0.1851,0.498968256,0.1851,11053.16067,32.18298637,0.020631318,1,6861.475462,21.67565192,1.87E-05,1,0.370965483,341.3400271
299.447724,122839.3411,0.06147487,0.028006453,0.028006453,2028.923407,5.57541708,0.020258029,1,1988.269942,6.942233422,1.81E-05,0.965567243,1,299.447724
355.950717,63944.5896,0.17502588,0.83119604,0.17502588,10363.08511,37.05024294,0.046261192,1,6247.382866,19.97404044,1.86E-05,1,0.210571119,323.1160784
315.659815,147771.1152,0.08655044,0.057410782,0.057410782,3830.484445,9.96111815,0.017750389,1,3209.367172,10.91204223,1.82E-05,0.969085518,1,315.659815
349.84894,119651.5452,0.12438982,0.348553531,0.12438982,7877.536078,24.32111076,0.024297388,1,5786.868842,18.6661415,1.85E-05,1,0.356874365,328.8593091
260.023688,88818.208,0.14285381,0.002217897,0.002217897,-281.4743261,0.066558181,0.024323967,1,0,0,0,0.859051477,1,260.023688
310.714756,68593.6539,0.07697366,0.094796213,0.07697366,4574.90973,18.72738284,0.037647426,1,2835.772605,9.723728749,1.81E-05,1,0.811990879,307.4084024
263.790336,67200.7449,0.11599424,0.004104936,0.004104936,-84.99925275,3.131382368,0.03262097,1,0,0,0,0.887649504,1,263.790336
288.47805,187139.4116,0.03293847,0.009372317,0.009372317,863.0406695,-1.937249878,0.01280612,1,1162.576695,4.129109349,1.80E-05,0.976210888,1,288.47805
316.217117,51998.3674,0.03405223,0.167526772,0.03405223,2798.477342,15.24979056,0.050554584,1,3249.81447,11.045575,1.82E-05,1,0.203264407,294.155043
303.117727,148639.6558,0.04712149,0.028681647,0.028681647,2165.063114,4.444793381,0.016945996,1,2265.073526,7.859446675,1.81E-05,0.981015655,1,303.117727
246.875199,80930.0143,0.0700253,0.000690592,0.000690592,-732.2970277,-0.939045588,0.025341947,1,0,0,0,0.930617377,1,246.875199
295.344286,189110.5376,0.04946961,0.014250627,0.014250627,1283.610743,-0.558621911,0.012975484,1,1680.26163,5.902506885,1.81E-05,0.964271869,1,295.344286
252.094345,152558.9002,0.19648087,0.000615517,0.000615517,-590.3648486,-5.635646199,0.013719837,1,0,0,0,0.804014014,1,252.094345
326.604495,69954.9426,0.13489358,0.210089193,0.13489358,7663.844234,28.20345747,0.038795573,1,4032.499976,13.47992118,1.83E-05,1,0.642077672,318.4371062
296.292139,79705.8747,0.1927386,0.03569884,0.03569884,2286.763568,10.03324487,0.030895371,1,1749.839488,6.144390394,1.81E-05,0.837146561,1,296.292139
304.501103,189652.9375,0.17968088,0.024355667,0.024355667,2007.538648,1.883257164,0.013340749,1,2369.907498,8.202069153,1.81E-05,0.840797299,1,304.501103
337.863689,176040.8074,0.09923453,0.141586498,0.09923453,6375.672248,16.52241898,0.015945583,1,4882.900372,16.03395238,1.84E-05,1,0.700875659,331.0476751
282.529614,168292.1818,0.03255831,0.007043865,0.007043865,585.720976,-2.037608267,0.013946433,1,713.0701724,2.555804457,1.80E-05,0.97430456,1,282.529614
344.459503,52994.8811,0.09178953,0.624786179,0.09178953,6245.539104,26.04580259,0.054033149,1,5378.828822,17.49427992,1.84E-05,1,0.146913509,309.2287548
257.886858,127980.0871,0.19103373,0.001267459,0.001267459,-389.9395569,-3.388155043,0.016736324,1,0,0,0,0.809992903,1,257.886858
274.380684,194066.4161,0.00919705,0.00346795,0.00346795,184.7227574,-4.677515422,0.011741878,1,96.29496345,0.338965063,1.80E-05,0.994250963,1,274.380684
334.35053,73705.1076,0.10738678,0.287404427,0.10738678,6650.039992,24.62437943,0.037702662,1,4616.413379,15.24666978,1.83E-05,1,0.373643444,316.2365846
297.473129,166299.8195,0.06836955,0.01841742,0.01841742,1535.433003,1.378387104,0.014863082,1,1840.261551,6.443694085,1.81E-05,0.949110619,1,297.473129
316.642628,64379.5204,0.07856212,0.138397765,0.07856212,4822.269302,20.04189143,0.040879606,1,3282.052487,11.1467441,1.82E-05,1,0.567654545,307.426668
264.724228,165222.0388,0.05762646,0.001819683,0.001819683,-168.9408008,-4.661407598,0.013305827,1,0,0,0,0.944091488,1,264.724228
291.635607,80698.6307,0.17445237,0.026469765,0.026469765,1734.083793,8.069526782,0.030035471,1,1398.89735,4.950475892,1.80E-05,0.847993827,1,291.635607
286.356044,73432.4924,0.15406508,0.020743343,0.020743343,1322.094713,7.441783774,0.032410267,1,1000.463495,3.572204502,1.80E-05,0.863854143,1,286.356044
306.511637,183547.3448,0.13235935,0.028184278,0.028184278,2239.677718,2.934831836,0.013875898,1,2521.18101,8.697589472,1.81E-05,0.892803677,1,306.511637
313.691039,116999.4514,0.15515519,0.065301649,0.065301649,4131.211812,12.87355292,0.022279945,1,3060.639031,10.44117741,1.82E-05,0.903868942,1,313.691039
364.992809,105382.1226,0.08550794,0.716778788,0.08550794,6566.038661,21.14165975,0.028792677,1,6932.592572,21.87286046,1.87E-05,1,0.119294741,322.1025676
272.640879,135216.4293,0.01081742,0.00435748,0.00435748,178.6872446,-1.694906964,0.016750567,1,0,0,0,0.993511788,1,272.640879
309.455624,95992.1752,0.11951633,0.063290047,0.063290047,3917.326167,13.83078421,0.026790783,1,2741.412394,9.417821719,1.81E-05,0.939974714,1,309.455624
341.507577,88114.0226,0.06252813,0.331506169,0.06252813,4829.118545,17.34029146,0.032218614,1,5156.521102,16.84423112,1.84E-05,1,0.1886183,312.3744391
265.715392,150044.8995,0.13514138,0.002183676,0.002183676,-122.3715708,-3.68400326,0.014708449,1,0,0,0,0.866751324,1,265.715392
302.668901,102111.6225,0.03423433,0.04063343,0.03423433,2405.904157,8.372803732,0.024634493,1,2230.511756,7.748120436,1.81E-05,1,0.842516373,300.431245
326.680494,67250.4455,0.13194173,0.219323009,0.13194173,7533.051893,28.12971453,0.04036679,1,4038.184789,13.49747618,1.83E-05,1,0.601586357,317.3581359
318.66433,106450.9381,0.0919767,0.093025924,0.0919767,5483.751012,17.95337625,0.024873836,1,3434.961001,11.62570551,1.82E-05,1,0.988721168,318.4691744
369.395726,151575.0782,0.05211528,0.588141489,0.05211528,5176.594973,13.60950585,0.020262207,1,7267.09663,22.78148894,1.87E-05,1,0.088610107,323.0076499
369.997876,181115.5999,0.00930581,0.503990832,0.00930581,3246.711909,5.609565785,0.016987726,1,7313.188335,22.90466513,1.88E-05,1,0.018464245,314.8697064
319.372722,166733.2118,0.00727213,0.061680963,0.00727213,1672.550366,1.658540526,0.015921324,1,3489.255648,11.79245929,1.82E-05,1,0.117899099,299.2357725
363.387984,84226.3785,0.14258274,0.842544768,0.14258274,9111.844494,30.91524446,0.035858935,1,6810.69121,21.5392261,1.87E-05,1,0.169228681,325.4225742
320.917978,157387.0057,0.13773102,0.070657302,0.070657302,4583.054966,11.84717897,0.016942252,1,3605.484851,12.15604291,1.82E-05,0.927826712,1,320.917978
346.716412,141588.181,0.04066978,0.25860789,0.04066978,3988.553441,10.60574245,0.0203573,1,5550.549384,17.98644538,1.85E-05,1,0.157264266,315.8288101
305.534259,144900.1501,0.02313636,0.033757519,0.02313636,1985.894603,4.041543517,0.017523269,1,2446.964601,8.457357243,1.81E-05,1,0.685369085,301.0296508
258.063291,170219.7412,0.16553469,0.000970322,0.000970322,-401.9057296,-5.804371797,0.012587621,1,0,0,0,0.835275797,1,258.063291
326.127286,102133.5445,0.0877804,0.140743058,0.0877804,5516.040097,18.3880364,0.026536333,1,3997.039601,13.36946848,1.83E-05,1,0.623692575,317.8458838
346.458417,157137.3081,0.19462696,0.230603894,0.19462696,10947.99633,31.38839327,0.01830189,1,5531.292232,17.93005492,1.85E-05,1,0.843988178,342.7597827
283.340174,80432.5583,0.02210479,0.015517781,0.015517781,997.9286205,5.559679167,0.029276629,1,772.7885694,2.772468014,1.80E-05,0.993309165,1,283.340174
331.895601,159797.512,0.03930502,0.118621555,0.03930502,3489.510202,8.107163214,0.017263829,1,4432.633243,14.69024361,1.83E-05,1,0.331348043,314.6763621
382.459072,168362.1633,0.18343342,0.834876596,0.18343342,11533.60472,32.29369854,0.01887227,1,8260.221444,25.42268426,1.89E-05,1,0.219713214,345.292336
298.593032,177787.9363,0.02008953,0.018424093,0.018424093,1567.704265,0.93170386,0.01395468,1,1924.809655,6.726684969,1.81E-05,0.998303303,1,298.593032
260.911852,111408.2079,0.06501706,0.001918141,0.001918141,-271.0552674,-1.77635967,0.019454966,1,0,0,0,0.936779816,1,260.911852
365.02062,143919.3254,0.10541728,0.526953913,0.10541728,7468.224745,21.38201171,0.021080913,1,6935.234727,21.87812617,1.87E-05,1,0.200050284,331.0055514
315.562753,187548.2722,0.04792204,0.045051041,0.045051041,3266.627142,6.142534847,0.013980897,1,3202.689534,10.88859397,1.82E-05,0.996993558,1,315.562753
255.868698,75823.9167,0.10100441,0.001768656,0.001768656,-421.5219383,0.838070266,0.028038646,1,0,0,0,0.900588421,1,255.868698
333.344854,134862.158,0.03972645,0.150255548,0.03972645,3552.754698,9.713068828,0.020546262,1,4541.510458,15.01894924,1.83E-05,1,0.264392566,312.4802091
340.58791,80185.6912,0.00272103,0.349755357,0.00272103,2091.065118,8.874999332,0.035313915,1,5087.001671,16.64081804,1.84E-05,1,0.007779809,294.6553433
260.2906,179764.7927,0.14805744,0.001126922,0.001126922,-330.7143347,-5.981777156,0.012021951,1,0,0,0,0.852903716,1,260.2906
290.481751,86941.403,0.00135097,0.022851485,0.00135097,566.9205729,3.319566842,0.027769466,1,1311.995226,4.651516016,1.80E-05,1,0.059119571,277.559253
295.961016,156281.9294,0.01476962,0.017885473,0.01476962,1327.378932,1.176285388,0.015735974,1,1726.1772,6.059814362,1.81E-05,1,0.825788611,294.1118701
307.488805,176768.8323,0.05245952,0.030899587,0.030899587,2391.355841,3.754836469,0.01445419,1,2594.639761,8.937268816,1.81E-05,0.977752633,1,307.488805
259.273528,123510.5782,0.03637731,0.001491612,0.001491612,-339.0456979,-2.895390734,0.017436309,1,0,0,0,0.965062189,1,259.273528
288.67557,113154.9109,0.0293374,0.015662104,0.015662104,1157.780659,3.281960422,0.02120006,1,1176.20454,4.180956724,1.80E-05,0.986107112,1,288.67557
318.367456,186864.012,0.13578136,0.052301313,0.052301313,3676.621564,7.504401382,0.014156577,1,3413.869662,11.55489422,1.82E-05,0.911912881,1,318.367456
331.251736,139559.2637,0.09879455,0.131717938,0.09879455,6162.420833,17.81092073,0.019721359,1,4383.791851,14.54405924,1.83E-05,1,0.750046282,325.9310133
246.489722,62377.2803,0.19408842,0.000861006,0.000861006,-734.0673365,1.217040635,0.032833975,1,0,0,0,0.806606072,1,246.489722
337.292816,152363.9379,0.1024035,0.159342705,0.1024035,6504.219925,18.12627338,0.018393447,1,4839.486519,15.9066367,1.84E-05,1,0.642661991,328.8429666
292.845919,107303.4943,0.10541096,0.021485761,0.021485761,1542.7135,5.050675767,0.022680222,1,1490.594258,5.262605446,1.80E-05,0.91423201,1,292.845919
272.853045,170225.3606,0.09838301,0.003527002,0.003527002,144.6822651,-3.734936841,0.013313257,1,0,0,0,0.904808251,1,272.853045
287.961375,149807.6039,0.1032274,0.011311827,0.011311827,938.0947227,0.179771875,0.015971043,1,1122.949485,3.993955201,1.80E-05,0.907032798,1,287.961375
332.065117,167636.5115,0.00142569,0.113996485,0.00142569,1778.819594,1.763580441,0.016467317,1,4445.530581,14.72866093,1.83E-05,1,0.012506438,300.5643755
299.048999,85141.1542,0.06993264,0.039422497,0.039422497,2535.144954,10.31265601,0.02919168,1,1957.611312,6.842058152,1.81E-05,0.968237709,1,299.048999
272.668387,83026.55,0.05713741,0.007099144,0.007099144,307.1444244,2.829203039,0.027291073,1,0,0,0,0.949603966,1,272.668387
341.3846,66020.853,0.08589551,0.439557378,0.08589551,5886.135568,23.10864016,0.042983574,1,5146.913232,16.81728337,1.84E-05,1,0.195413646,311.7285863
338.148016,185594.4407,0.15565365,0.136054675,0.136054675,8046.592433,21.25811616,0.015129841,1,4904.490205,16.09730729,1.84E-05,0.977314566,1,338.148016
281.66121,150506.849,0.09504592,0.007423122,0.007423122,578.7964938,-1.132841202,0.015547649,1,647.1006652,2.323084972,1.80E-05,0.911721903,1,281.66121
326.123916,192762.446,0.1702622,0.074735034,0.074735034,4918.31101,11.21821985,0.014056154,1,3998.182565,13.3678992,1.83E-05,0.896756962,1,326.123916
281.717642,168570.6213,0.16797801,0.006657018,0.006657018,544.5595364,-2.198879842,0.013883173,1,651.6871672,2.338211659,1.80E-05,0.837597895,1,281.717642
284.665747,151902.9762,0.18556155,0.008995157,0.008995157,737.2588327,-0.644719076,0.015569656,1,874.1899497,3.124976835,1.80E-05,0.821830949,1,284.665747
302.097886,144497.7289,0.0629363,0.02781563,0.02781563,2096.392935,4.44998183,0.017373201,1,2188.210934,7.605693356,1.81E-05,0.963874476,1,302.097886
275.080989,119071.7872,0.01096686,0.005927669,0.005927669,321.8527286,-0.112911422,0.019194463,1,148.094185,0.532428467,1.80E-05,0.99493076,1,275.080989
280.150491,180291.581,0.09334855,0.005595604,0.005595604,450.0899035,-3.098318248,0.012907296,1,533.3516942,1.916237215,1.80E-05,0.911753261,1,280.150491
349.264709,147738.805,0.1195072,0.275830896,0.1195072,7636.066353,21.82914108,0.019643464,1,5743.132459,18.53953578,1.85E-05,1,0.43326256,332.1809704
293.90936,175586.9332,0.09767812,0.014051362,0.014051362,1233.609625,-0.112891231,0.013907337,1,1571.904428,5.535556968,1.80E-05,0.915181425,1,293.90936
301.647283,105128.02,0.18232506,0.037205252,0.037205252,2509.757739,8.477225169,0.023845989,1,2153.629187,7.493494769,1.81E-05,0.849272331,1,301.647283
263.382538,107600.3038,0.01878353,0.00247683,0.00247683,-173.5945962,-1.114796043,0.020335587,1,0,0,0,0.983652811,1,263.382538
253.499016,141057.1842,0.14855481,0.000761623,0.000761623,-541.7772574,-4.791868806,0.014923284,1,0,0,0,0.852094165,1,253.499016
308.163295,85333.7678,0.0654725,0.066283969,0.0654725,3978.708176,15.00520924,0.030011968,1,2643.939809,9.102807031,1.81E-05,1,0.987757694,307.9739188
333.349413,176056.3136,0.16608934,0.115247039,0.115247039,6964.294562,18.37429167,0.0157268,1,4542.477068,15.01958444,1.83E-05,0.942535031,1,333.349413
301.760944,162866.2617,0.09376238,0.024213698,0.024213698,1922.701613,2.86781724,0.015395855,1,2163.14114,7.521561016,1.81E-05,0.928725499,1,301.760944
243.999872,70111.1658,0.09842965,0.000594072,0.000594072,-819.276883,-0.10124638,0.028913777,1,0,0,0,0.902106266,1,243.999872
333.403711,164730.5641,0.12058953,0.123444912,0.12058953,7208.491359,19.68182783,0.016810825,1,4546.399465,15.03197265,1.83E-05,1,0.97686918,332.9491281
363.330213,179966.2401,0.02085778,0.396164516,0.02085778,3576.065808,6.962560022,0.016786778,1,6807.648427,21.52593407,1.87E-05,1,0.052649289,317.0562914
329.871406,196087.041,0.05608221,0.087962131,0.05608221,4186.292639,8.704533461,0.013979948,1,4280.616165,14.22880727,1.83E-05,1,0.637572206,322.3360332
349.321897,157973.953,0.11598416,0.258662486,0.11598416,7477.245269,20.78120597,0.01837359,1,5747.601539,18.55178853,1.85E-05,1,0.448399619,332.9577088
327.120182,147213.0972,0.01550617,0.102584616,0.01550617,2272.93179,4.719769723,0.018471402,1,4072.544753,13.59811665,1.83E-05,1,0.151154925,304.024403
262.448951,103976.3175,0.10667633,0.002358619,0.002358619,-205.8063821,-0.95283343,0.020970028,1,0,0,0,0.895435661,1,262.448951
257.161015,65315.7595,0.18623144,0.002315711,0.002315711,-358.3516604,2.32304882,0.03271731,1,0,0,0,0.815657387,1,257.161015
264.422337,132242.5301,0.12501956,0.002211142,0.002211142,-157.3396488,-2.766808485,0.016608916,1,0,0,0,0.876919433,1,264.422337
372.753747,155396.0617,0.01506454,0.647359319,0.01506454,3590.6326,8.02810104,0.019946438,1,7522.029748,23.46831278,1.88E-05,1,0.023270755,314.8322651
321.266888,125716.6328,0.02414456,0.089953135,0.02414456,2493.62602,6.851870925,0.021241769,1,3631.268766,12.23814024,1.82E-05,1,0.268412657,303.8741329
328.623373,77804.6051,0.00074632,0.20822524,0.00074632,1652.315277,7.732755533,0.035114415,1,4184.752625,13.94421672,1.83E-05,1,0.003584196,290.3403305
264.631336,74765.9112,0.0497492,0.0039744,0.0039744,-67.02469859,2.313212121,0.029412355,1,0,0,0,0.954042546,1,264.631336
353.742206,183521.4414,0.0262711,0.267055451,0.0262711,3539.898809,6.85067224,0.016025638,1,6082.063595,19.50189562,1.85E-05,1,0.098373203,317.1308885
256.934862,97137.8264,0.03713978,0.001526727,0.001526727,-403.2688266,-1.148867633,0.02197404,1,0,0,0,0.964332493,1,256.934862
308.26135,118115.1646,0.18012303,0.048191595,0.048191595,3198.807935,9.776911952,0.021688485,1,2651.8531,9.126554193,1.81E-05,0.861388664,1,308.26135
331.326861,174853.012,0.14275543,0.105598428,0.105598428,6468.319186,16.89517369,0.015740278,1,4389.991107,14.56082163,1.83E-05,0.958456019,1,331.326861
378.895426,148798.4427,0.02826864,0.836323981,0.02826864,4372.412127,10.92656827,0.02117394,1,7988.722604,24.7104518,1.89E-05,1,0.033801064,318.6662273
281.015562,142378.2729,0.03749505,0.007507981,0.007507981,564.3899241,-0.722524688,0.016398103,1,598.126097,2.149528373,1.80E-05,0.969786086,1,281.015562
365.809282,167464.1142,0.06622728,0.467006435,0.06622728,5710.762037,14.56128077,0.018159889,1,6995.337526,22.04140006,1.87E-05,1,0.14181235,327.2020752
279.996865,129852.3517,0.03841351,0.007674704,0.007674704,543.1273296,-0.032819025,0.017915593,1,520.8288807,1.874769278,1.80E-05,0.969023458,1,279.996865
249.360651,158109.3458,0.15307393,0.000454713,0.000454713,-677.8412874,-6.282120837,0.013092982,1,0,0,0,0.847311353,1,249.360651
320.797642,183811.3284,0.00261181,0.060173381,0.00261181,1502.368977,0.193924531,0.014506565,1,3596.834897,12.12758404,1.82E-05,1,0.043404741,298.1745145
249.880534,63261.2343,0.08335597,0.001191096,0.001191096,-620.6390741,1.556573332,0.03282155,1,0,0,0,0.917737143,1,249.880534
294.74183,159844.3885,0.04375638,0.016236997,0.016236997,1357.640619,1.098169247,0.015321265,1,1634.372853,5.748765226,1.81E-05,0.97202641,1,294.74183
350.566278,106972.5475,0.09329933,0.401336813,0.09329933,6490.923094,20.93266736,0.027239601,1,5840.892362,18.82107287,1.85E-05,1,0.232471398,322.2062099
250.740477,101650.8861,0.13281612,0.000807951,0.000807951,-616.4315361,-2.366860099,0.020489264,1,0,0,0,0.867885089,1,250.740477
299.84911,150155.797,0.18620839,0.023478403,0.023478403,1834.429805,3.24680341,0.016593664,1,2018.954145,7.04298633,1.81E-05,0.833357514,1,299.84911
276.673813,75961.4488,0.15953759,0.010389755,0.010389755,572.7013716,4.528092424,0.030269809,1,268.1472309,0.97041329,1.80E-05,0.849286286,1,276.673813
252.810074,94175.8667,0.05972097,0.001065597,0.001065597,-543.8747776,-1.443788496,0.022300407,1,0,0,0,0.941282057,1,252.810074
287.958782,192178.2877,0.18768333,0.008827996,0.008827996,822.9635831,-2.299875969,0.012447535,1,1123.485068,3.993162124,1.80E-05,0.819551669,1,287.958782
307.238231,163160.0509,0.08959157,0.03300114,0.03300114,2479.806699,4.717448649,0.015647436,1,2575.553734,8.875975058,1.81E-05,0.941478286,1,307.238231
277.831361,65670.3051,0.17896387,0.013031789,0.013031789,726.3032509,6.283822888,0.035162049,1,355.7008041,1.286872471,1.80E-05,0.831876976,1,277.831361
280.872944,56075.7822,0.09510277,0.018824636,0.018824636,1076.840744,8.825677405,0.041631639,1,585.8075565,2.111216274,1.80E-05,0.922258409,1,280.872944
318.242005,181634.0853,0.11913388,0.05345427,0.05345427,3725.369571,7.899258703,0.014558528,1,3404.34046,11.5252558,1.82E-05,0.930611266,1,318.242005
281.107482,156805.8484,0.12352073,0.00686327,0.00686327,536.928488,-1.624184252,0.014893168,1,605.3345117,2.1742506,1.80E-05,0.882536355,1,281.107482
260.075689,178982.2506,0.16259908,0.001109946,0.001109946,-337.6808059,-5.972430638,0.012064545,1,0,0,0,0.838331422,1,260.075689
258.32523,144841.8967,0.03174474,0.001166962,0.001166962,-383.174523,-4.390234379,0.014811229,1,0,0,0,0.969386497,1,258.32523
300.114731,67833.5575,0.01138769,0.052665684,0.01138769,1302.211856,8.003269238,0.036776541,1,2037.593827,7.110083213,1.81E-05,1,0.216225996,285.2736108
338.464249,86614.9904,0.17848629,0.294794922,0.17848629,9988.760389,33.47314729,0.032461171,1,4926.868334,16.16883059,1.84E-05,1,0.605459174,328.3144829
335.074279,96598.7299,0.08430162,0.226878341,0.08430162,5624.407582,19.15750058,0.028830304,1,4671.33356,15.40949723,1.83E-05,1,0.371571916,317.2683587
275.087347,111813.046,0.04329005,0.006313758,0.006313758,340.0013278,0.476073192,0.020441849,1,148.444779,0.534178365,1.80E-05,0.962788766,1,275.087347
295.691102,140320.8362,0.12755072,0.019587097,0.019587097,1537.897491,2.802085545,0.017510479,1,1705.572382,5.991136857,1.81E-05,0.889879435,1,295.691102
384.960475,173130.0943,0.00186924,0.882046655,0.00186924,3347.676597,5.901394651,0.018491681,1,8450.859681,25.91927954,1.90E-05,1,0.002119208,314.8820179
264.170286,162282.5552,0.08392558,0.001764421,0.001764421,-187.3383456,-4.582162684,0.0135186,1,0,0,0,0.917693618,1,264.170286
292.175402,157264.9075,0.04697747,0.014081651,0.014081651,1185.584002,0.638940208,0.015436682,1,1440.897253,5.089625142,1.80E-05,0.966634338,1,292.175402
279.317515,169265.4376,0.19927799,0.005625857,0.005625857,427.9742406,-2.653037747,0.013707763,1,470.110932,1.69087252,1.80E-05,0.805252244,1,279.317515
268.701542,112890.2812,0.06630813,0.003747595,0.003747595,38.17746297,-0.715951982,0.019774955,1,0,0,0,0.937204132,1,268.701542
332.490238,198774.0506,0.04274204,0.098139883,0.04274204,3660.092923,6.852384239,0.013902372,1,4478.049643,14.82481186,1.83E-05,1,0.43552161,319.2150189
276.790782,195656.1291,0.14007365,0.00408389,0.00408389,282.7091287,-4.386358375,0.011749317,1,279.1754373,1.00247263,1.80E-05,0.863452595,1,276.790782
243.386568,174209.7063,0.06388197,0.000225521,0.000225521,-863.9905238,-7.844060744,0.011594164,1,0,0,0,0.936329192,1,243.386568
360.910677,133600.2759,0.02771089,0.485494985,0.02771089,3818.422661,10.3075739,0.02246091,1,6623.748078,21.02047708,1.86E-05,1,0.057077603,313.8751001
296.24538,178264.6306,0.07433679,0.015962503,0.015962503,1387.939972,0.293348166,0.013807573,1,1747.970576,6.132074283,1.81E-05,0.940678798,1,296.24538
251.910614,74343.2337,0.12209192,0.001236492,0.001236492,-560.5462146,0.454795305,0.028153683,1,0,0,0,0.87899495,1,251.910614
369.575829,150398.5153,0.0869915,0.596579992,0.0869915,6766.75589,18.76110141,0.020427341,1,7280.745094,22.81848772,1.87E-05,1,0.145816992,329.3798903
326.739623,195379.0207,0.10547155,0.075976414,0.075976414,4992.39323,11.34006507,0.013893921,1,4044.611766,13.50998535,1.83E-05,0.968079672,1,326.739623
359.673825,147558.8721,0.10333802,0.419391132,0.10333802,7214.099805,20.43957111,0.020258762,1,6530.303024,20.7603962,1.86E-05,1,0.246400107,330.6655239
258.984533,107442.7225,0.09621924,0.001668793,0.001668793,-338.0828672,-1.733577357,0.020023969,1,0,0,0,0.905291505,1,258.984533
310.643433,149923.4238,0.04006866,0.043299912,0.04006866,2899.777608,6.808058833,0.017218442,1,2831.710116,9.705903974,1.81E-05,1,0.925375081,309.5451204
360.602717,100849.749,0.05600019,0.634154832,0.05600019,5095.983373,16.86544501,0.029727256,1,6599.970319,20.95625773,1.86E-05,1,0.08830681,315.6771954
310.6995,190139.5423,0.19510638,0.034282066,0.034282066,2637.339004,3.961973983,0.013577851,1,2836.577741,9.719223959,1.81E-05,0.833466576,1,310.6995
305.014269,137664.4185,0.06664298,0.034495772,0.034495772,2483.836577,6.147349699,0.018412029,1,2407.695081,8.329149508,1.81E-05,0.966704228,1,305.014269
313.890624,124103.2204,0.04569542,0.062231569,0.04569542,3251.247476,9.527426853,0.021020202,1,3075.779707,10.48901713,1.82E-05,1,0.734280383,309.3230574
331.089352,151779.7026,0.02413351,0.120231038,0.02413351,2779.550177,6.162335823,0.018133022,1,4371.73781,14.50698552,1.83E-05,1,0.200726122,308.7675483
297.596197,161684.9243,0.15198762,0.019080733,0.019080733,1569.279949,1.728667947,0.01529387,1,1849.455,6.474873034,1.81E-05,0.864507823,1,297.596197
256.458788,84141.1251,0.05991144,0.001685036,0.001685036,-408.8492546,0.022798185,0.02532377,1,0,0,0,0.941675317,1,256.458788
317.450652,159586.1854,0.01478802,0.058373088,0.01478802,1956.667489,3.055071482,0.016533638,1,3344.402245,11.33794143,1.82E-05,1,0.253336262,301.9054679
253.677852,100489.2392,0.01909375,0.001085589,0.001085589,-518.2811006,-1.881716548,0.020970218,1,0,0,0,0.981972268,1,253.677852
288.780744,128014.9383,0.11971307,0.013944129,0.013944129,1082.301356,1.992815404,0.018744882,1,1184.39506,4.208396203,1.80E-05,0.892735347,1,288.780744
263.572836,181512.8254,0.10410369,0.001497614,0.001497614,-218.4088666,-5.63123222,0.012057214,1,0,0,0,0.89724003,1,263.572836
255.291434,160156.9252,0.02373957,0.000795956,0.000795956,-489.7037227,-5.641445354,0.013234936,1,0,0,0,0.977038109,1,255.291434
359.797697,190633.5111,0.18194404,0.326774652,0.18194404,10774.92076,29.20036656,0.015670873,1,6540.286477,20.78591903,1.86E-05,1,0.556787495,346.4056334
276.629078,153547.9564,0.17294988,0.005137368,0.005137368,328.7145824,-2.202467566,0.014965998,1,266.156066,0.958163453,1.80E-05,0.831320921,1,276.629078
319.13693,192598.3906,0.19357236,0.052792784,0.052792784,3721.070724,7.395399433,0.013768136,1,3471.904893,11.736637,1.82E-05,0.851374046,1,319.13693
262.503484,111892.6747,0.07523669,0.00220314,0.00220314,-211.8936343,-1.585835224,0.019489335,1,0,0,0,0.926805192,1,262.503484
286.632876,65974.1182,0.11716433,0.023503764,0.023503764,1455.209806,8.787664076,0.036110255,1,1021.232952,3.645168964,1.80E-05,0.904085073,1,286.632876
248.979028,165234.7147,0.13554483,0.000419109,0.000419109,-691.2483115,-6.702071264,0.012508211,1,0,0,0,0.864817623,1,248.979028
259.001176,167706.5596,0.18561636,0.001073454,0.001073454,-369.6839593,-5.555663922,0.012823262,1,0,0,0,0.815258782,1,259.001176
371.234612,190562.5271,0.03860695,0.501128999,0.03860695,4615.002108,9.832991553,0.016198191,1,7407.174992,23.15778272,1.88E-05,1,0.077039944,324.187879
349.114558,136354.5179,0.02942475,0.296879884,0.02942475,3549.358213,9.422991795,0.021286213,1,5731.623118,18.5071785,1.85E-05,1,0.099113317,312.5899326
276.608778,60041.1996,0.01794347,0.013077254,0.013077254,693.1402321,6.908818342,0.03829028,1,262.9284452,0.952585273,1.80E-05,0.995069304,1,276.608778
331.498397,130527.748,0.08292108,0.142436029,0.08292108,5453.002666,16.13224096,0.021105301,1,4402.247423,14.60025207,1.83E-05,1,0.582163661,321.8052121
243.169499,61035.8599,0.15684063,0.000625851,0.000625851,-841.1168135,0.960793959,0.033102736,1,0,0,0,0.843687392,1,243.169499
286.463393,90202.9371,0.13224072,0.017014593,0.017014593,1155.852704,5.159019514,0.026392644,1,1008.8588,3.600461156,1.80E-05,0.882779413,1,286.463393
263.500148,158746.8933,0.01626273,0.001699865,0.001699865,-209.4903457,-4.483489975,0.013784769,1,0,0,0,0.985412338,1,263.500148
247.407623,113172.5853,0.1069542,0.000521827,0.000521827,-727.4769841,-3.705210853,0.018155511,1,0,0,0,0.893512059,1,247.407623
341.963053,76057.9946,0.03711764,0.391533016,0.03711764,3691.369708,14.84291102,0.037378871,1,5190.718153,16.94494944,1.84E-05,1,0.094800792,304.5549095
303.287005,187827.0019,0.11269925,0.022944095,0.022944095,1908.391549,1.629914187,0.013416667,1,2278.463384,7.901269611,1.81E-05,0.908137135,1,303.287005
314.472565,85634.2746,0.07870848,0.092913492,0.07870848,4762.603265,17.4824696,0.030518494,1,3118.984593,10.62875683,1.82E-05,1,0.84711572,311.7641608
279.912575,195652.9606,0.13892411,0.005075307,0.005075307,418.5333229,-3.892843541,0.01188283,1,515.6210586,1.851932351,1.80E-05,0.865468408,1,279.912575
321.698024,184635.6358,0.01287723,0.062684255,0.01287723,1993.082735,1.924541789,0.014481932,1,3664.660381,12.33866877,1.82E-05,1,0.205430056,304.0646467
361.704815,92038.8597,0.11931263,0.724156663,0.11931263,8004.235807,26.79297377,0.032665361,1,6683.303118,21.18745307,1.86E-05,1,0.164760799,324.1581508
302.401455,158485.519,0.18016878,0.025819738,0.025819738,2014.239232,3.403660966,0.015855237,1,2211.300585,7.681248877,1.81E-05,0.841560081,1,302.401455
383.093598,156080.0693,0.13910121,0.91842527,0.13910121,9539.030173,26.87526337,0.020399509,1,8308.388467,25.54912792,1.89E-05,1,0.151456209,338.6782753
344.560192,73805.0867,0.13708516,0.451299688,0.13708516,8299.569647,29.6604619,0.038798911,1,5386.736457,17.51611934,1.84E-05,1,0.303756381,321.0075541
359.575383,85510.9232,0.13568695,0.717871453,0.13568695,8684.404875,29.51593988,0.0349496,1,6521.97719,20.7404569,1.86E-05,1,0.189012879,324.6487481
278.353815,71523.3443,0.00927699,0.012412188,0.00927699,571.9179289,5.027226611,0.032344698,1,395.3868837,1.429201486,1.80E-05,1,0.747409739,276.1940059
359.504726,94834.0625,0.07337302,0.64611523,0.07337302,5852.810624,19.82247769,0.031514928,1,6516.75982,20.72546293,1.86E-05,1,0.11356027,317.6795487
264.221188,93227.396,0.05946254,0.003076725,0.003076725,-120.9389621,0.276458222,0.023548177,1,0,0,0,0.943440166,1,264.221188
320.382368,105341.0614,0.17084651,0.102606423,0.102606423,6014.881857,19.70454539,0.025270002,1,3564.331384,12.03065523,1.82E-05,0.92395746,1,320.382368
334.289989,147794.3332,0.01334069,0.143268143,0.01334069,2384.760167,4.978605113,0.018803346,1,4612.965896,15.23229475,1.83E-05,1,0.093116933,305.0904867
331.09375,103038.4183,0.02244568,0.176902426,0.02244568,2706.03106,9.130234106,0.026712854,1,4371.327885,14.50844194,1.83E-05,1,0.126881697,302.8121272
290.465883,143593.4432,0.07395328,0.013845927,0.013845927,1125.974893,1.189176657,0.016808023,1,1311.767726,4.647214763,1.80E-05,0.93904872,1,290.465883
320.815863,108645.5667,0.17959701,0.101700284,0.101700284,5986.476673,19.35922555,0.024534384,1,3597.032076,12.13246623,1.82E-05,0.913284259,1,320.815863
295.09392,92231.2447,0.02942971,0.028694923,0.028694923,1934.766246,7.640385874,0.026590675,1,1659.764992,5.8390034,1.81E-05,0.999243505,1,295.09392
364.698273,164572.0919,0.190004,0.455819025,0.190004,11292.6373,31.93448779,0.018403432,1,6911.092073,21.81089879,1.87E-05,1,0.416840873,344.4053266
270.709162,118181.264,0.14684998,0.004242327,0.004242327,118.5454861,-0.797820818,0.01903068,1,0,0,0,0.856784781,1,270.709162
246.890693,103237.9846,0.06940986,0.000542785,0.000542785,-740.6387927,-2.995333744,0.019862791,1,0,0,0,0.931095524,1,246.890693
325.260661,73398.0141,0.12182551,0.187571711,0.12182551,7032.486462,25.86291573,0.036825021,1,3931.302505,13.16924199,1.83E-05,1,0.649487652,317.4396473
293.874913,136481.1263,0.12684046,0.018018268,0.018018268,1414.294995,2.609220403,0.017892506,1,1568.647016,5.526875034,1.81E-05,0.889181042,1,293.874913
377.121765,170902.7592,0.11669449,0.686663379,0.11669449,8340.111551,22.51395245,0.018340931,1,7854.129851,24.35329054,1.89E-05,1,0.169944246,337.123857
345.481159,125613.4732,0.06364904,0.276457543,0.06364904,4994.790383,14.891159,0.022862309,1,5457.034052,17.71709864,1.85E-05,1,0.230230795,319.0256448
344.13995,67845.7846,0.14382095,0.481992074,0.14382095,8592.912541,31.25818864,0.042155319,1,5354.920969,17.42404555,1.84E-05,1,0.298388621,320.2223497
324.757592,117033.383,0.1696089,0.114917816,0.114917816,6699.740311,20.95958889,0.023053232,1,3894.076742,13.05225425,1.82E-05,0.938207903,1,324.757592
315.529207,168147.6563,0.15182315,0.050135709,0.050135709,3496.616407,7.802869417,0.015592651,1,3199.856014,10.88073156,1.82E-05,0.892945295,1,315.529207
254.764035,66911.2546,0.06683703,0.001805213,0.001805213,-451.2293633,1.760704918,0.031638255,1,0,0,0,0.934850574,1,254.764035
319.571029,134081.7036,0.1834903,0.077416118,0.077416118,4850.436767,14.0334724,0.019803987,1,3503.677684,11.83946311,1.82E-05,0.885024892,1,319.571029
299.682938,139548.6929,0.17324653,0.025009391,0.025009391,1899.390238,4.076836151,0.017845565,1,2006.262931,7.001288875,1.81E-05,0.847960444,1,299.682938
297.362485,140794.4129,0.1254108,0.021594064,0.021594064,1677.296274,3.249713317,0.01755041,1,1831.500235,6.415785314,1.81E-05,0.89389196,1,297.362485
377.93223,137867.0806,0.15179391,0.872422356,0.15179391,9962.229432,29.26116975,0.022781192,1,7915.316173,24.51701238,1.89E-05,1,0.173991312,337.2536455
259.414614,56001.0943,0.0168266,0.003323127,0.003323127,-246.6072507,4.031205109,0.038497275,1,0,0,0,0.986451503,1,259.414614
340.493765,94245.5034,0.1336097,0.29653031,0.1336097,8018.001471,26.78518099,0.0300211,1,5080.106163,16.61980978,1.84E-05,1,0.450576873,324.8144329
326.339237,125077.3389,0.10773464,0.116189354,0.10773464,6421.559405,19.54174058,0.021676626,1,4013.3625,13.41821873,1.83E-05,1,0.927233319,324.954542
323.810873,140113.4641,0.17193457,0.091668106,0.091668106,5619.11896,16.09217404,0.019201057,1,3823.115183,12.83213053,1.82E-05,0.91163311,1,323.810873
259.221364,68813.5183,0.17759422,0.002658439,0.002658439,-283.2633819,2.179647255,0.03130289,1,0,0,0,0.824597923,1,259.221364
353.289538,121462.17,0.00580294,0.395246914,0.00580294,2600.40163,7.008642328,0.024183923,1,6046.949003,19.40582106,1.85E-05,1,0.01468181,304.2328696
246.157349,80294.016,0.0480884,0.000647274,0.000647274,-755.080718,-0.965948454,0.025468289,1,0,0,0,0.952528147,1,246.157349
351.616826,170055.4933,0.16959312,0.264237888,0.16959312,9970.903747,27.77689245,0.017169734,1,5921.199237,19.04648141,1.85E-05,1,0.641819843,341.9190549
261.269735,132428.7786,0.0399235,0.001668026,0.001668026,-273.700997,-3.222867439,0.016386802,1,0,0,0,0.961680609,1,261.269735
290.496883,179659.0469,0.19966979,0.011100337,0.011100337,1000.486546,-1.115006223,0.013433486,1,1314.722422,4.65514694,1.80E-05,0.809313867,1,290.496883
374.783241,199575.9585,0.17009799,0.543088175,0.17009799,10691.80293,28.43762842,0.015598863,1,7676.779481,23.88011639,1.88E-05,1,0.313205107,347.0612453
245.092504,164687.7389,0.03997285,0.000284274,0.000284274,-810.6380473,-7.158706374,0.012352424,1,0,0,0,0.960300138,1,245.092504
253.370519,134687.3051,0.14749577,0.000787672,0.000787672,-543.7677262,-4.41587875,0.015621971,1,0,0,0,0.853176253,1,253.370519
314.361379,158902.5602,0.08662892,0.049875924,0.049875924,3451.192869,8.127400302,0.016439054,1,3111.778471,10.60160477,1.82E-05,0.961317688,1,314.361379
259.828812,69525.9475,0.14015138,0.002781306,0.002781306,-260.112499,2.18301847,0.031054754,1,0,0,0,0.862246793,1,259.828812
340.728738,69818.6927,0.01019094,0.403964326,0.01019094,2434.477744,11.27862284,0.04057409,1,5097.474898,16.67212204,1.84E-05,1,0.025227327,295.554065
247.825704,152979.5998,0.03110997,0.00040332,0.00040332,-724.4312016,-6.196023096,0.013448797,1,0,0,0,0.96928096,1,247.825704
273.07034,174121.2816,0.11314751,0.003510913,0.003510913,149.9886255,-3.9035146,0.013025502,1,0,0,0,0.889977122,1,273.07034
275.283577,109123.0861,0.11363554,0.006560132,0.006560132,357.0334598,0.74047549,0.020961063,1,163.2889833,0.588297022,1.80E-05,0.892217525,1,275.283577
339.896613,174506.2707,0.10022174,0.156371885,0.10022174,6481.048665,16.91390067,0.016183095,1,5036.240573,16.48652786,1.84E-05,1,0.640919177,331.2901855
265.507046,130387.394,0.17369876,0.002465803,0.002465803,-114.0988099,-2.485534641,0.016914883,1,0,0,0,0.828343773,1,265.507046
372.318045,158607.63,0.05668385,0.624651643,0.05668385,5470.331884,14.13867281,0.019517001,1,7488.9898,23.37946149,1.88E-05,1,0.090744738,325.132365
371.254458,182675.2279,0.03351042,0.522911599,0.03351042,4384.243725,9.41658461,0.016898766,1,7408.574018,23.16194999,1.88E-05,1,0.064084293,322.2006017
358.579849,184691.8851,0.09318023,0.321596847,0.09318023,6718.002296,17.03372847,0.016136082,1,6448.023674,20.52936228,1.86E-05,1,0.289742362,333.1893806
379.607465,175022.2143,0.05058351,0.7302557,0.05058351,5407.775781,12.99011161,0.018034285,1,8043.241909,24.85290099,1.89E-05,1,0.069268217,326.5899829
313.291408,54650.6333,0.19841715,0.136617637,0.136617637,7346.262178,29.25725417,0.047634577,1,3029.554535,10.34563311,1.82E-05,0.928421617,1,313.291408
344.535269,135161.2784,0.19417035,0.246829382,0.19417035,10872.94389,32.41829937,0.021163471,1,5385.755347,17.50998804,1.84E-05,1,0.786658169,339.3862817
319.817254,80195.9115,0.19853176,0.130874173,0.130874173,7277.77623,25.87952397,0.033133204,1,3521.376379,11.89789303,1.82E-05,0.92215444,1,319.817254
361.639628,186991.8212,0.01733082,0.357602742,0.01733082,3365.841372,5.954292064,0.016080925,1,6679.695824,21.17258456,1.86E-05,1,0.04846389,316.2131479
314.729602,148572.7353,0.04943801,0.054376744,0.04943801,3443.073227,8.658245375,0.017603409,1,3139.339066,10.68982174,1.82E-05,1,0.909175615,313.286465
270.338191,190589.7278,0.03708596,0.002556829,0.002556829,25.96309285,-5.115236603,0.011779031,1,0,0,0,0.965382358,1,270.338191
249.561598,125091.3205,0.10451639,0.000585369,0.000585369,-662.9892032,-4.277005012,0.016567519,1,0,0,0,0.896008105,1,249.561598
314.308768,63947.6628,0.14746742,0.123272601,0.123272601,6772.602214,26.19288295,0.040841569,1,3106.30616,10.58968289,1.82E-05,0.972403259,1,314.308768
246.903553,110902.194,0.03038558,0.000506113,0.000506113,-742.6509018,-3.598352362,0.018489665,1,0,0,0,0.970105403,1,246.903553
258.567987,78205.3727,0.16882827,0.002203963,0.002203963,-323.5609103,0.961572552,0.02747198,1,0,0,0,0.833007648,1,258.567987
319.740583,169688.4205,0.00533062,0.061758207,0.00533062,1595.300349,1.224749339,0.015662155,1,3517.005184,11.87912856,1.82E-05,1,0.086314358,298.4946787
365.469142,83697.4918,0.06882435,0.916188994,0.06882435,5823.475918,20.68995218,0.036302614,1,6968.395392,21.97199803,1.87E-05,1,0.075120254,315.3725319
324.223083,196843.1446,0.1942027,0.066686375,0.066686375,4498.268971,9.707650746,0.013685045,1,3855.046159,12.92748424,1.82E-05,0.863372481,1,324.223083
304.648545,62560.3867,0.174506,0.074193283,0.074193283,4270.866468,18.51279077,0.040472096,1,2378.929853,8.239245421,1.81E-05,0.891648316,1,304.648545
283.334468,194959.0435,0.19006615,0.006423375,0.006423375,579.2731247,-3.285221003,0.012071784,1,774.3682753,2.770759337,1.80E-05,0.815169993,1,283.334468
261.44324,182827.8055,0.15735033,0.001229744,0.001229744,-292.7193533,-5.975798565,0.011872984,1,0,0,0,0.843687189,1,261.44324
304.611922,104493.8698,0.06959249,0.044379946,0.044379946,2920.592602,9.884376031,0.024226375,1,2376.858213,8.229953046,1.81E-05,0.973616561,1,304.611922
350.081823,146111.319,0.08951738,0.288491888,0.08951738,6302.033668,17.75297241,0.01991371,1,5804.848865,18.7161193,1.85E-05,1,0.310294271,327.2081669
284.380875,104972.5076,0.14066216,0.012754009,0.012754009,901.8719012,3.010886947,0.022512555,1,851.8512623,3.049436905,1.80E-05,0.870439433,1,284.380875
254.39859,106391.1172,0.07070406,0.001098531,0.001098531,-497.2429743,-2.272956424,0.019862427,1,0,0,0,0.930317923,1,254.39859
330.319736,182351.1456,0.15030168,0.096583936,0.096583936,6030.477807,15.18055214,0.01504794,1,4314.19584,14.33129565,1.83E-05,0.940539308,1,330.319736
273.694868,113156.1204,0.15721776,0.005644545,0.005644545,269.1478396,0.118072527,0.02009646,1,42.72443313,0.148798466,1.80E-05,0.847566367,1,273.694868
305.215393,122825.2493,0.13698313,0.039090066,0.039090066,2698.173422,7.807123569,0.020650721,1,2422.596012,8.378867158,1.81E-05,0.89812462,1,305.215393
244.607575,107348.9993,0.19744866,0.000413812,0.000413812,-813.3418563,-3.61585033,0.01892381,1,0,0,0,0.802883583,1,244.607575
348.89149,72541.505,0.18860073,0.55106803,0.18860073,10764.17381,37.24113821,0.039961394,1,5713.844439,18.45961792,1.85E-05,1,0.34224582,326.4679973
375.374049,186956.6931,0.02841192,0.591417797,0.02841192,4273.583498,8.771052458,0.016695823,1,7721.501436,23.9999833,1.88E-05,1,0.048040353,321.9562778
296.330671,184300.9707,0.04499845,0.01552225,0.01552225,1370.155317,-0.045504838,0.013358937,1,1754.49757,6.153735572,1.81E-05,0.970059049,1,296.330671
340.721596,121509.2574,0.01029415,0.232543194,0.01029415,2436.324498,6.680361903,0.02331264,1,5097.702448,16.66999858,1.84E-05,1,0.04426769,302.9250624
301.48227,146875.5386,0.06646063,0.026406962,0.026406962,2014.626015,4.039099381,0.017056961,1,2141.891912,7.452069869,1.81E-05,0.958859949,1,301.48227
267.113358,159620.8277,0.08421347,0.002317628,0.002317628,-76.36605436,-4.024596629,0.013898314,1,0,0,0,0.917913913,1,267.113358
363.927423,97609.0372,0.12630034,0.743064618,0.12630034,8387.440933,27.46490342,0.030989485,1,6851.749179,21.65144187,1.87E-05,1,0.169972216,326.3296877
290.164516,193755.1219,0.03038834,0.010082788,0.010082788,943.883802,-1.942668726,0.012441182,1,1289.899137,4.568771158,1.80E-05,0.979487626,1,290.164516
264.481911,78382.7698,0.11640498,0.003742112,0.003742112,-82.13809241,1.863891341,0.028038562,1,0,0,0,0.886913952,1,264.481911
327.434352,66252.649,0.16505194,0.230874895,0.16505194,9052.610436,32.88115499,0.041061238,1,4094.973813,13.67116823,1.83E-05,1,0.714897736,321.074273
322.018627,64231.9475,0.04898475,0.182507471,0.04898475,3643.375985,16.25347759,0.041675068,1,3686.931341,12.41468056,1.82E-05,1,0.268398601,301.8838312
314.359707,70229.3401,0.1449315,0.112570475,0.112570475,6290.025462,23.92190293,0.037195126,1,3110.241675,10.60184004,1.82E-05,0.963533978,1,314.359707
260.517186,125823.1367,0.17932346,0.00163981,0.00163981,-296.3331373,-2.884701427,0.017198036,1,0,0,0,0.822024504,1,260.517186
353.238756,151765.6007,0.07737018,0.31608213,0.07737018,5844.734588,15.96050355,0.019346616,1,6043.543986,19.39459201,1.85E-05,1,0.244778723,326.0445193
338.596063,99892.2983,0.1752538,0.25725166,0.1752538,9844.187538,31.85466206,0.028154593,1,4937.010358,16.19806885,1.84E-05,1,0.681254301,330.7831059
258.359498,50418.6869,0.17015446,0.003349732,0.003349732,-275.6287085,4.791699231,0.04258735,1,0,0,0,0.832634643,1,258.359498
368.379904,186534.9538,0.19228081,0.461464261,0.19228081,11504.68783,31.5007901,0.016398853,1,7190.517054,22.57211712,1.87E-05,1,0.41667541,347.6365512
253.829753,148768.4774,0.12357679,0.000745579,0.000745579,-533.5613182,-5.201526711,0.014167366,1,0,0,0,0.87707714,1,253.829753
247.432837,86752.3158,0.01368054,0.00068163,0.00068163,-717.0242849,-1.454389691,0.023693376,1,0,0,0,0.986992223,1,247.432837
266.195236,185116.0884,0.01985094,0.001847832,0.001847832,-126.4225721,-5.445208852,0.011940658,1,0,0,0,0.981963563,1,266.195236
300.239088,58227.6936,0.15379137,0.061786264,0.061786264,3581.464617,16.88709223,0.042856294,1,2046.800671,7.141333138,1.81E-05,0.901935878,1,300.239088
359.075892,116735.2743,0.02677861,0.517092841,0.02677861,3722.937275,11.13886048,0.025574952,1,6484.607987,20.63484125,1.86E-05,1,0.051786851,311.208305
325.921328,161616.1086,0.19306154,0.088194475,0.088194475,5522.846159,14.59884862,0.016754317,1,3982.43925,13.32135438,1.83E-05,0.884989658,1,325.921328
271.809747,160082.091,0.19126053,0.003438708,0.003438708,111.0760968,-3.34842305,0.014103249,1,0,0,0,0.811530085,1,271.809747
321.78602,77569.9292,0.19105331,0.149438216,0.149438216,8175.440189,28.90401451,0.034462477,1,3669.618567,12.36014278,1.82E-05,0.951073402,1,321.78602
292.973025,64814.6682,0.15835337,0.035806504,0.035806504,2195.566383,11.44215459,0.037569683,1,1499.45468,5.295472977,1.80E-05,0.872902207,1,292.973025
339.392847,192175.7155,0.14040908,0.138921213,0.138921213,8212.623611,21.47361889,0.014664694,1,4998.495923,16.37444148,1.84E-05,0.99827209,1,339.392847
366.447874,184651.8078,0.13567261,0.434076849,0.13567261,8880.27899,23.66112321,0.016489297,1,7043.984854,22.1733917,1.87E-05,1,0.312554356,340.4452285
251.466393,192762.3379,0.19317408,0.000459195,0.000459195,-619.4468617,-7.693855645,0.010827156,1,0,0,0,0.807196581,1,251.466393
340.775651,192314.192,0.13041465,0.147573968,0.13041465,7870.055903,20.41078621,0.01471615,1,5102.831203,16.68122684,1.84E-05,1,0.88372395,338.2582442
295.671321,151702.4523,0.06908235,0.01810182,0.01810182,1469.513935,1.918246532,0.016195055,1,1704.273319,5.986048321,1.81E-05,0.948079616,1,295.671321
287.477231,79828.568,0.17178668,0.020529102,0.020529102,1344.703654,6.827023251,0.029929562,1,1085.205214,3.86715611,1.80E-05,0.845572157,1,287.477231
309.932266,79434.2956,0.06681462,0.078467661,0.06681462,4092.036342,15.96552656,0.032427293,1,2777.032188,9.53380736,1.81E-05,1,0.851492442,307.4385044
327.547134,135845.674,0.07982081,0.113448821,0.07982081,5195.23394,14.99953354,0.020036414,1,4104.541033,13.69649932,1.83E-05,1,0.703584304,321.3757992
276.201173,166526.4317,0.03662014,0.004597823,0.004597823,290.9121557,-3.015289882,0.013777175,1,233.9428402,0.840778256,1.80E-05,0.96782977,1,276.201173
364.41681,179599.1432,0.13287951,0.413585068,0.13287951,8693.067292,23.33739971,0.016859453,1,6889.971658,21.7521944,1.87E-05,1,0.32128701,339.3214935
265.006339,118634.1309,0.09885517,0.002592926,0.002592926,-121.9835657,-1.730232382,0.018556964,1,0,0,0,0.903487506,1,265.006339
253.119962,115611.4284,0.00138036,0.000895106,0.000895106,-544.4869435,-3.149982802,0.018184572,1,0,0,0,0.999514312,1,253.119962
369.456161,97335.2712,0.12722988,0.913078888,0.12722988,8595.149772,28.06927068,0.031549981,1,7270.939508,22.7946436,1.87E-05,1,0.139341608,326.7988573
372.281986,109542.9128,0.15187319,0.89898202,0.15187319,9798.452733,30.73634861,0.028244276,1,7485.586196,23.37279516,1.88E-05,1,0.168939074,332.202064
243.640471,64312.2483,0.16535963,0.000623826,0.000623826,-827.8272876,0.580943227,0.031476242,1,0,0,0,0.835161365,1,243.640471
251.261952,154644.2212,0.06301875,0.000560148,0.000560148,-617.323396,-5.855779994,0.013489581,1,0,0,0,0.937506392,1,251.261952
306.184149,151946.5848,0.11794193,0.033397753,0.033397753,2467.575416,5.270655093,0.016744901,1,2496.010353,8.61729412,1.81E-05,0.912534677,1,306.184149
316.309424,87205.9532,0.02244531,0.100480811,0.02244531,2273.983537,9.182141775,0.030151205,1,3257.322631,11.06729143,1.82E-05,1,0.22337907,297.2891229
258.136,75163.1431,0.05746445,0.002203426,0.002203426,-335.8940109,1.243519965,0.028536706,1,0,0,0,0.944616944,1,258.136
377.736687,139230.3111,0.1760446,0.858261709,0.1760446,11058.04754,32.49495744,0.022542247,1,7900.46387,24.47763529,1.89E-05,1,0.205117621,340.12174
350.937602,74712.5079,0.16558416,0.582248267,0.16558416,9782.411508,34.03571196,0.039033247,1,5868.48932,18.90145474,1.85E-05,1,0.284387553,324.8514045
376.452045,171076.2067,0.04876855,0.670274935,0.04876855,5232.071762,12.66392052,0.018296611,1,7803.218647,24.21816248,1.88E-05,1,0.072759024,325.3786167
246.862067,160092.6154,0.05673382,0.000349951,0.000349951,-755.6191691,-6.699714658,0.012800024,1,0,0,0,0.943596393,1,246.862067
258.616138,81554.6526,0.00328022,0.002123126,0.002123126,-326.0912623,0.603408784,0.026347979,1,0,0,0,0.998840444,1,258.616138
336.615444,102758.1275,0.13752044,0.228809355,0.13752044,8077.717654,26.26339529,0.027216781,1,4787.653527,15.75551158,1.84E-05,1,0.601026299,326.6535357
347.934102,153386.6319,0.07439757,0.251369072,0.07439757,5552.605581,14.99459561,0.018853958,1,5642.693477,18.25111447,1.85E-05,1,0.295969465,325.0118009
342.556718,109389.4003,0.0876554,0.279766041,0.0876554,5997.099655,19.25536371,0.02602795,1,5236.017977,17.0755111,1.84E-05,1,0.313316797,320.8405042
356.453712,97453.0301,0.17713831,0.558213102,0.17713831,10469.31394,33.86839063,0.03039,1,6285.910562,20.08045549,1.86E-05,1,0.317330979,331.5927493
257.403435,148340.4305,0.06327288,0.001046525,0.001046525,-415.7806735,-4.715414768,0.014409594,1,0,0,0,0.937708455,1,257.403435
277.142792,82509.1104,0.15859971,0.009888868,0.009888868,563.2967713,3.808053211,0.02791405,1,303.8197024,1.09881146,1.80E-05,0.849803889,1,277.142792
357.122986,184488.3343,0.0727233,0.30404308,0.0727233,5747.055518,13.9850574,0.016090442,1,6337.780375,20.22130243,1.86E-05,1,0.239187487,329.1752306
284.839364,112031.7931,0.09391152,0.012321622,0.012321622,895.2367708,2.446514314,0.021127437,1,886.6070968,3.171107253,1.80E-05,0.91739224,1,284.839364
378.078044,143910.3129,0.13931374,0.84053789,0.13931374,9398.891675,27.1857774,0.021834441,1,7926.486015,24.54626019,1.89E-05,1,0.165743557,336.6637675
320.863144,199025.3377,0.00305717,0.055778872,0.00305717,1523.568006,-0.38721191,0.013400074,1,3602.005897,12.14283788,1.82E-05,1,0.054808745,299.2936719
286.51755,115665.9317,0.12764912,0.013326642,0.013326642,989.2707684,2.511363396,0.020584189,1,1013.388986,3.614671609,1.80E-05,0.88413341,1,286.51755
256.031024,72338.3976,0.03047662,0.001882056,0.001882056,-411.3818167,1.268578979,0.029409213,1,0,0,0,0.971351518,1,256.031024
259.184911,184425.4487,0.11632798,0.000993391,0.000993391,-369.3944504,-6.344014801,0.011667581,1,0,0,0,0.884550725,1,259.184911
351.221709,134487.6595,0.13228093,0.328337754,0.13228093,8274.557567,24.56290112,0.021699383,1,5890.823601,18.96191856,1.85E-05,1,0.402880657,332.3265374
345.394564,85389.1561,0.0843239,0.404487277,0.0843239,5932.20703,21.0871744,0.033623409,1,5449.906266,17.69861295,1.84E-05,1,0.208471082,316.2473374
264.27153,59583.0275,0.06913986,0.004828987,0.004828987,-37.75136708,4.30789523,0.036860852,1,0,0,0,0.935377064,1,264.27153
312.940817,132528.7055,0.07565441,0.055413102,0.055413102,3661.377915,10.32210719,0.019622157,1,3004.400724,10.26078343,1.82E-05,0.978571259,1,312.940817
245.419041,60782.1975,0.07644001,0.000792412,0.000792412,-768.1508297,1.293816164,0.033549385,1,0,0,0,0.92429241,1,245.419041
293.428132,95137.142,0.1212623,0.025114517,0.025114517,1724.306939,6.669943927,0.025632604,1,1534.273447,5.412360589,1.80E-05,0.901375305,1,293.428132
358.762253,143739.5316,0.02225055,0.415469662,0.02225055,3506.782617,8.680710101,0.020752348,1,6461.250276,20.56836326,1.86E-05,1,0.053555174,313.1107945
296.535104,157652.841,0.05577841,0.018357248,0.018357248,1505.882457,1.722307041,0.015629144,1,1769.452163,6.205807617,1.81E-05,0.961879042,1,296.535104
295.670112,194844.1976,0.04173358,0.014110511,0.014110511,1286.421261,-0.798006166,0.012607364,1,1704.907581,5.985558757,1.81E-05,0.971981577,1,295.670112
368.063888,168334.3839,0.10946065,0.504985184,0.10946065,7740.783883,20.8942108,0.018172747,1,7166.298619,22.50727157,1.87E-05,1,0.216760122,334.9623096
330.12337,114454.1811,0.03383972,0.152186359,0.03383972,3192.826637,9.909669421,0.023976584,1,4298.360687,14.28710421,1.83E-05,1,0.222357117,307.7063554
276.1809,66622.7607,0.18635842,0.011436459,0.011436459,606.2209644,5.736413687,0.03445295,1,230.5979058,0.835183945,1.80E-05,0.823054408,1,276.1809
357.810836,129608.1146,0.00716469,0.443628386,0.00716469,2794.275132,7.065653609,0.02295456,1,6389.048976,20.36757847,1.86E-05,1,0.016150206,306.6282757
259.222384,71223.0441,0.04218105,0.002568999,0.002568999,-287.4694325,1.877601612,0.030243434,1,0,0,0,0.960285924,1,259.222384
307.00918,184197.238,0.06398773,0.028877465,0.028877465,2285.509216,3.05839175,0.013849399,1,2558.650566,8.819697122,1.81E-05,0.963845691,1,307.00918
253.993561,122472.8465,0.13472226,0.000918855,0.000918855,-518.5911302,-3.526631869,0.017224307,1,0,0,0,0.866073536,1,253.993561
257.095959,85843.8746,0.08018339,0.001752847,0.001752847,-387.3969904,-0.060115982,0.024882995,1,0,0,0,0.921431739,1,257.095959
293.770239,85061.5573,0.1686607,0.028680393,0.028680393,1895.910939,8.180945259,0.028703197,1,1559.88814,5.500223756,1.81E-05,0.85588646,1,293.770239
270.712727,176208.5828,0.12640142,0.002852295,0.002852295,51.36185968,-4.36828966,0.012759267,1,0,0,0,0.876097469,1,270.712727
369.455784,152911.665,0.16420033,0.584326351,0.16420033,10268.29648,29.42124819,0.020073682,1,7271.671502,22.79380486,1.87E-05,1,0.281007916,340.2752424
291.911024,138290.1538,0.16085982,0.015742441,0.015742441,1254.113529,1.947130524,0.017540026,1,1420.643246,5.021444675,1.80E-05,0.852561581,1,291.911024
287.47091,150226.2017,0.11784842,0.010928528,0.010928528,906.4573493,0.04537084,0.015899289,1,1085.945304,3.865315433,1.80E-05,0.89189872,1,287.47091
325.733155,88839.2655,0.15699391,0.158665751,0.15699391,8633.226328,29.17453443,0.030456358,1,3967.13936,13.27847499,1.83E-05,1,0.989463124,325.5317275
365.168033,149554.5436,0.1664136,0.510071637,0.1664136,10239.52421,29.5576981,0.020284655,1,6946.485243,21.90865309,1.87E-05,1,0.326255349,339.7734859
364.319551,192607.055,0.15271274,0.384460174,0.15271274,9587.85007,25.49188916,0.015712479,1,6882.782532,21.73179721,1.87E-05,1,0.397213418,343.4090263
292.559761,51743.9741,0.14970799,0.043696483,0.043696483,2540.401458,14.45353094,0.046995346,1,1468.079235,5.189109782,1.80E-05,0.889144498,1,292.559761
361.506274,146194.8909,0.00028325,0.45423142,0.00028325,2589.087703,5.179827884,0.020561251,1,6669.025701,21.14517765,1.86E-05,1,0.000623581,306.6918056
339.543887,114893.3935,0.082362,0.233416498,0.082362,5667.560201,17.82666782,0.024562755,1,5008.741494,16.40880833,1.84E-05,1,0.352854235,320.4252935
283.446388,142738.9273,0.11007674,0.008824301,0.008824301,694.6394083,-0.278319494,0.016498687,1,781.9088704,2.800688451,1.80E-05,0.897846125,1,283.446388
312.526397,93823.6421,0.15830754,0.076476019,0.076476019,4603.419142,16.21717098,0.027680885,1,2972.57954,10.16127845,1.82E-05,0.911392099,1,312.526397
277.719791,80887.9808,0.07013854,0.010503248,0.010503248,607.9307983,4.13271668,0.028533152,1,347.5201658,1.256434948,1.80E-05,0.939731695,1,277.719791
285.057219,97277.2098,0.00520354,0.014389419,0.00520354,581.8285748,2.491839848,0.024352898,1,902.8036909,3.228880995,1.80E-05,1,0.361622669,278.6584055
279.331204,150684.9745,0.16907134,0.0063216,0.0063216,461.1413865,-1.565742625,0.015400237,1,470.8156618,1.694593904,1.80E-05,0.836214876,1,279.331204
315.257586,178703.3523,0.07037124,0.046518985,0.046518985,3324.557259,6.734960518,0.014658854,1,3179.57182,10.81580942,1.82E-05,0.974984028,1,315.257586
291.176379,172881.8335,0.06335156,0.01203805,0.01203805,1063.113252,-0.575863282,0.013993245,1,1365.843935,4.831341357,1.80E-05,0.948061248,1,291.176379
308.747574,52034.2023,0.00992063,0.112158485,0.00992063,1488.917319,10.80286678,0.049326818,1,2687.392514,9.245635743,1.81E-05,1,0.08845189,284.2853092
291.013258,184510.9343,0.00799448,0.011168066,0.00799448,875.2078887,-1.786689029,0.013103577,1,1353.742998,4.789050246,1.80E-05,1,0.715833903,288.5917913
357.741035,76084.1874,0.00989031,0.750587024,0.00989031,2918.459983,11.94064823,0.039094131,1,6383.009311,20.35347909,1.86E-05,1,0.013176767,299.9708571
250.691361,144491.8657,0.07586264,0.000566774,0.000566774,-632.7159494,-5.353284706,0.014405739,1,0,0,0,0.924661434,1,250.691361
324.851914,93984.391,0.02613198,0.143672186,0.02613198,2690.544816,9.906309536,0.02873309,1,3900.826134,13.07432898,1.82E-05,1,0.181886145,301.4511423
254.349655,153220.2152,0.00084884,0.0007608,0.0007608,-518.1221093,-5.385510641,0.013783564,1,0,0,0,0.999911893,1,254.349655
367.646071,131669.0291,0.15491919,0.634253114,0.15491919,9794.877639,29.24531222,0.023201575,1,7134.107253,22.42162688,1.87E-05,1,0.24425452,335.9702703
339.448317,196628.378,0.03036704,0.136125593,0.03036704,3304.756734,5.689208682,0.014350584,1,5002.747054,16.38672497,1.84E-05,1,0.223081048,316.5504789
359.719171,67318.0901,0.1866876,0.914790965,0.1866876,11005.47281,38.52733636,0.044406034,1,6532.605996,20.77095212,1.86E-05,1,0.204076786,325.4068524
309.085393,173731.7942,0.04083724,0.034337968,0.034337968,2593.613811,4.570929832,0.014783374,1,2714.792932,9.327192633,1.81E-05,0.993269621,1,309.085393
252.375142,138125.9336,0.08871288,0.000698079,0.000698079,-577.1296956,-4.757542777,0.015172402,1,0,0,0,0.911923715,1,252.375142
318.192677,191347.3742,0.02301191,0.050624608,0.02301191,2348.223612,2.891724656,0.013820172,1,3400.778836,11.51350805,1.82E-05,1,0.454559765,308.1312997
308.482798,123432.7486,0.04711438,0.046689918,0.046689918,3137.123365,9.208815051,0.02076885,1,2668.611838,9.18058749,1.81E-05,0.999554749,1,308.482798
315.319478,137300.8786,0.12805364,0.06067876,0.06067876,3968.83472,11.01950485,0.019083592,1,3183.574927,10.83089227,1.82E-05,0.928272803,1,315.319478
318.760027,100632.9456,0.04842849,0.098872435,0.04842849,3519.729049,12.13229544,0.026327742,1,3442.076304,11.64836287,1.82E-05,1,0.489807803,307.8850417
350.423912,108166.3875,0.03236944,0.39461198,0.03236944,3722.904784,11.91064949,0.026934347,1,5830.15094,18.79036341,1.85E-05,1,0.082028528,310.0567246
379.020299,154920.2561,0.10328835,0.807210508,0.10328835,7788.628784,21.58924761,0.020337566,1,7998.303353,24.73542861,1.89E-05,1,0.127957143,333.3959069
286.97027,94744.5101,0.10289783,0.016745237,0.016745237,1158.171919,4.759109157,0.025171579,1,1047.199962,3.733900472,1.80E-05,0.912380193,1,286.97027
273.56412,182315.8324,0.11672075,0.003478843,0.003478843,162.3050704,-4.240553902,0.012462077,1,34.05622125,0.112566001,1.80E-05,0.886362767,1,273.56412
282.307005,77176.1913,0.1711997,0.01508634,0.01508634,948.575957,5.729568511,0.030400936,1,694.635861,2.496344921,1.80E-05,0.841495386,1,282.307005
310.474947,79366.5816,0.04785279,0.080892729,0.04785279,3251.710718,13.25103085,0.032514877,1,2817.890216,9.665524937,1.81E-05,1,0.591558602,302.826177
285.416134,98157.666,0.08205877,0.014602124,0.014602124,1015.916223,3.968925898,0.024164117,1,929.9246218,3.323907572,1.80E-05,0.931543747,1,285.416134
342.88892,122911.2793,0.16237785,0.252725669,0.16237785,9387.742067,28.74527162,0.02317186,1,5261.292061,17.14852932,1.84E-05,1,0.642506361,333.7343998
357.725235,137289.2179,0.05532248,0.417566594,0.05532248,4978.186922,13.95934397,0.021661917,1,6382.680247,20.34937799,1.86E-05,1,0.132487801,320.4132623
247.698821,95979.2337,0.19362375,0.000633037,0.000633037,-712.3474644,-2.2751767,0.021436785,1,0,0,0,0.80688704,1,247.698821
259.770445,53494.0715,0.03388805,0.003593298,0.003593298,-223.8743661,4.498340011,0.040357656,1,0,0,0,0.969595997,1,259.770445
366.017433,96955.378,0.01959307,0.808522034,0.01959307,3601.219009,12.13450094,0.031389018,1,7010.141259,22.08546011,1.87E-05,1,0.024233192,307.6268447
384.675506,174097.7123,0.1985879,0.869105124,0.1985879,12288.82492,34.24827151,0.018353736,1,8429.153143,25.86282455,1.90E-05,1,0.228496984,347.7236174
274.316034,198654.9618,0.1778439,0.003372675,0.003372675,178.18262,-4.895952567,0.011467644,1,91.46948764,0.321074877,1.80E-05,0.824938349,1,274.316034
307.059748,75645.5483,0.04358116,0.070306549,0.04358116,2958.74637,12.69311272,0.033739227,1,2560.694584,8.832759402,1.81E-05,1,0.619873407,300.3393574
262.121274,64732.7547,0.06187841,0.003673361,0.003673361,-152.8106076,3.185613226,0.033650496,1,0,0,0,0.941580354,1,262.121274
316.505708,103149.743,0.08326737,0.085860806,0.08326737,5026.856484,16.77413296,0.02549747,1,3272.355284,11.11388575,1.82E-05,1,0.969794877,315.99213
357.774932,119817.8904,0.16582702,0.478942262,0.16582702,9993.404982,30.7108645,0.024807974,1,6386.193491,20.36010643,1.86E-05,1,0.346235931,334.6309701
355.224449,143036.1081,0.13168171,0.363109916,0.13168171,8366.515254,24.30474091,0.020635515,1,6193.574761,19.81858885,1.86E-05,1,0.362649722,333.7918965
322.318341,86288.5807,0.16283541,0.138002742,0.138002742,7673.553507,26.48854715,0.031032174,1,3709.85065,12.48457354,1.82E-05,0.971191708,1,322.318341
286.587258,148555.5266,0.09060345,0.010434265,0.010434265,858.4888203,-0.030438028,0.016028604,1,1019.221622,3.63295703,1.80E-05,0.918985488,1,286.587258
319.791333,137324.7485,0.00529788,0.076446929,0.00529788,1597.171586,2.988754549,0.019357382,1,3520.319789,11.89133687,1.82E-05,1,0.06930141,296.1874919
262.323685,76133.4681,0.03522524,0.003181791,0.003181791,-170.0190584,1.77300184,0.028631181,1,0,0,0,0.96785427,1,262.323685
289.56436,51111.5234,0.09232429,0.036630778,0.036630778,2134.034965,13.20099109,0.047090094,1,1242.187702,4.413047678,1.80E-05,0.942188819,1,289.56436
303.383205,173959.9125,0.04154729,0.02490058,0.02490058,2000.449861,2.580236574,0.014491272,1,2285.479166,7.92522562,1.81E-05,0.982928192,1,303.383205
243.242671,145511.6106,0.12389506,0.00026562,0.00026562,-863.544339,-6.347912001,0.013876772,1,0,0,0,0.876337713,1,243.242671
334.281905,60307.3087,0.10084392,0.349931245,0.10084392,6353.1499,25.36563147,0.046073424,1,4611.036721,15.23132199,1.83E-05,1,0.288182097,311.8234472
316.613435,174905.3805,0.06894057,0.051016396,0.051016396,3567.809692,7.704727205,0.015041509,1,3281.601911,11.13897436,1.82E-05,0.981112241,1,316.613435
304.80776,152064.0397,0.0547798,0.030877993,0.030877993,2313.479323,4.751156896,0.016656697,1,2392.381699,8.278072093,1.81E-05,0.975336638,1,304.80776
308.653373,179824.1963,0.10457668,0.032400266,0.032400266,2493.047567,3.949780327,0.014262379,1,2682.366026,9.221849235,1.81E-05,0.925406744,1,308.653373
258.655028,189116.0067,0.10677007,0.000923003,0.000923003,-388.4377545,-6.626516496,0.011354339,1,0,0,0,0.894055145,1,258.655028
279.301142,67410.4418,0.03442369,0.014062222,0.014062222,815.4702801,6.382886227,0.034435567,1,467.0536219,1.686496489,1.80E-05,0.97934812,1,279.301142
259.222311,130384.0059,0.16125996,0.001406778,0.001406778,-344.9589073,-3.368287946,0.01651295,1,0,0,0,0.839921623,1,259.222311
249.357638,140028.3926,0.11409981,0.000512847,0.000512847,-673.6060634,-5.256559152,0.014785961,1,0,0,0,0.886354754,1,249.357638
369.264629,133639.2957,0.09062314,0.663015492,0.09062314,6923.56681,20.24058824,0.022969677,1,7256.904984,22.7548043,1.87E-05,1,0.136683292,327.7093051
274.870667,120933.3168,0.03100177,0.005749596,0.005749596,307.551168,-0.29405675,0.0188843,1,132.163225,0.474370642,1.80E-05,0.974601797,1,274.870667
275.123082,151759.479,0.18305496,0.004670235,0.004670235,263.8700324,-2.341786195,0.015059688,1,151.8832707,0.544061183,1.80E-05,0.820778267,1,275.123082
332.716828,98425.4488,0.1040926,0.199756045,0.1040926,6449.794603,21.603721,0.028091996,1,4493.611205,14.87712551,1.83E-05,1,0.521098622,320.6860994
285.689091,146926.1703,0.11627731,0.009947345,0.009947345,810.4294802,-0.108300442,0.01615549,1,951.3851568,3.395983563,1.80E-05,0.892601707,1,285.689091
245.123032,150722.4191,0.16763745,0.000311376,0.000311376,-807.1655618,-6.408829712,0.01350059,1,0,0,0,0.832621808,1,245.123032
285.603613,114259.9629,0.14992423,0.012706424,0.012706424,934.7291593,2.421680466,0.02077096,1,944.3622563,3.373458893,1.80E-05,0.861016207,1,285.603613
259.833361,184295.56,0.10204506,0.001054683,0.001054683,-347.7024139,-6.254197831,0.011705244,1,0,0,0,0.898902997,1,259.833361
310.436105,50488.011,0.07470113,0.126785371,0.07470113,4465.895712,20.92689855,0.051108019,1,2814.501179,9.656295847,1.81E-05,1,0.589193605,302.1891812
368.45471,125516.5066,0.02963601,0.684960231,0.02963601,4128.202686,11.73068112,0.024408027,1,7195.353424,22.58834703,1.87E-05,1,0.04326676,314.5971312
303.183391,193283.2756,0.01458013,0.022167557,0.01458013,1527.58405,0.077636443,0.013033918,1,2270.751292,7.875511332,1.81E-05,1,0.657723818,298.9714079
348.674241,192542.3336,0.09824329,0.206791943,0.09824329,6651.604061,16.57175374,0.015047472,1,5699.173058,18.41119281,1.85E-05,1,0.475082775,333.7904654
336.894777,98787.5091,0.14736179,0.240996368,0.14736179,8531.759714,27.97662837,0.028332874,1,4808.662207,15.81811368,1.84E-05,1,0.611468924,327.1849925
271.138389,161457.2061,0.05313973,0.003224022,0.003224022,81.71134184,-3.528491504,0.013948291,1,0,0,0,0.949922842,1,271.138389
340.219214,183267.2238,0.18967061,0.151070619,0.151070619,8787.294958,23.61889564,0.015413494,1,5060.711194,16.5580142,1.84E-05,0.954530975,1,340.219214
300.795765,178466.6469,0.06421694,0.020898496,0.020898496,1743.771562,1.499337521,0.014004423,1,2090.716096,7.280231977,1.81E-05,0.955756943,1,300.795765
353.292092,141877.7548,0.16976295,0.338710602,0.16976295,10033.31663,29.45789193,0.020682783,1,6047.434735,19.40612459,1.85E-05,1,0.501203532,338.25534
280.435829,63411.9031,0.08252034,0.016160612,0.016160612,943.4503014,7.340560089,0.036756618,1,552.8654905,1.993369356,1.80E-05,0.932550243,1,280.435829
320.734916,94355.1248,0.0394745,0.11657935,0.0394745,3173.378793,11.51892662,0.028255418,1,3590.711973,12.11357507,1.82E-05,1,0.33860628,304.7984511
296.110381,128944.5274,0.06876143,0.021857005,0.021857005,1653.368563,3.900245357,0.019083134,1,1736.971703,6.097945526,1.81E-05,0.952047476,1,296.110381
296.512599,181331.5896,0.06249526,0.0159494,0.0159494,1394.951745,0.175221355,0.01358619,1,1768.153734,6.199986553,1.81E-05,0.952699729,1,296.512599
329.48665,70815.6492,0.16205564,0.238321508,0.16205564,8978.051977,32.10378637,0.038656274,1,4249.705912,14.1419986,1.83E-05,1,0.679987473,322.1135547
321.352325,143311.7176,0.04408667,0.079285453,0.04408667,3396.681336,8.779416192,0.01863621,1,3637.978397,12.25802474,1.82E-05,1,0.55604992,312.4205512
290.04872,98345.563,0.13920007,0.019661742,0.019661742,1379.34559,5.214397857,0.024510132,1,1279.531764,4.538966631,1.80E-05,0.878064202,1,290.04872
382.494905,149244.4615,0.13582295,0.940868805,0.13582295,9372.520046,26.74547819,0.021301182,1,8262.69922,25.4301089,1.89E-05,1,0.144359075,337.3039713
255.229271,59550.3986,0.0383894,0.002118909,0.002118909,-422.9125276,2.839472574,0.035616311,1,0,0,0,0.963652492,1,255.229271
312.16591,119355.9423,0.04069739,0.059005278,0.04069739,2975.169379,8.947396889,0.021736725,1,2945.846343,10.07420635,1.81E-05,1,0.689724574,306.859789
297.741327,77835.4773,0.07442029,0.039884579,0.039884579,2518.224653,11.0006109,0.03179264,1,1858.986757,6.511983418,1.81E-05,0.964029626,1,297.741327
296.108103,172915.1094,0.144794,0.016317638,0.016317638,1400.317634,0.589924601,0.014228369,1,1737.538339,6.097177455,1.81E-05,0.869392431,1,296.108103
245.543567,86103.3617,0.12639297,0.000567221,0.000567221,-777.1123207,-1.635920089,0.023689098,1,0,0,0,0.87410284,1,245.543567
369.965117,141059.2492,0.15596016,0.64465894,0.15596016,9911.011534,29.00332276,0.021793238,1,7310.155241,22.89849754,1.88E-05,1,0.241926623,337.6693456
270.20336,186026.4043,0.02207468,0.002589572,0.002589572,23.87189958,-4.921546146,0.012062261,1,0,0,0,0.980464303,1,270.20336
376.738603,148440.0165,0.0279016,0.778640389,0.0279016,4292.193446,10.7222156,0.021104021,1,7824.699222,24.2763342,1.88E-05,1,0.035833744,318.2022836
372.320869,136654.2381,0.18379197,0.723777171,0.18379197,11246.07777,33.27029627,0.022635037,1,7488.906362,23.38034509,1.88E-05,1,0.253934467,340.2098573
344.582241,74105.6615,0.04419105,0.449901849,0.04419105,4089.260108,16.34313711,0.038657373,1,5388.405603,17.52094738,1.84E-05,1,0.098223757,306.1770287
332.172395,134039.2783,0.03761347,0.143159315,0.03761347,3422.671752,9.343546998,0.020599695,1,4453.107853,14.75332842,1.83E-05,1,0.262738545,311.558513
252.969315,129975.7142,0.07630027,0.00078525,0.00078525,-555.1382866,-4.165092427,0.016163159,1,0,0,0,0.924425635,1,252.969315
374.12362,192821.4241,0.16434817,0.548995013,0.16434817,10411.71328,27.88403991,0.016118214,1,7626.576997,23.74638707,1.88E-05,1,0.299361864,345.584617
249.498978,54290.4494,0.02713269,0.001336094,0.001336094,-624.3776259,2.811997525,0.038189593,1,0,0,0,0.974168891,1,249.498978
308.576477,124116.1248,0.12619856,0.046674391,0.046674391,3139.123849,9.169398408,0.02066074,1,2675.67591,9.203443268,1.81E-05,0.916582363,1,308.576477
363.468077,103986.8719,0.10402491,0.685991109,0.10402491,7361.756008,23.76664109,0.029054582,1,6817.03456,21.55566537,1.87E-05,1,0.151641776,324.5014697
344.440661,165495.4105,0.00536064,0.200957939,0.00536064,2319.24061,3.614559521,0.017303762,1,5379.057974,17.48892285,1.84E-05,1,0.026675433,305.9929586
284.800187,167029.4102,0.05817519,0.008257619,0.008257619,706.8215644,-1.543037037,0.014165403,1,884.6083178,3.160609329,1.80E-05,0.949666797,1,284.800187
357.257603,176882.1298,0.09923419,0.318719327,0.09923419,6953.659548,18.14499055,0.016785584,1,6347.857635,20.2499108,1.86E-05,1,0.31135291,333.2509599
285.958662,92003.7062,0.07166287,0.016140777,0.016140777,1101.583584,4.805951371,0.025830196,1,970.7838628,3.467316707,1.80E-05,0.943567035,1,285.958662
355.31637,88757.6323,0.02624655,0.585498343,0.02624655,3589.674443,13.02972737,0.0332838,1,6199.753393,19.83881635,1.86E-05,1,0.04482771,306.2635425
288.720162,114850.0294,0.0366505,0.015475948,0.015475948,1150.564947,3.133227169,0.020890253,1,1179.597963,4.192605077,1.80E-05,0.978492601,1,288.720162
288.493493,137364.226,0.01151,0.012761442,0.01151,963.4907207,0.989028571,0.017451087,1,1162.884381,4.133287109,1.80E-05,1,0.9019357,287.6304919
308.158912,176871.7065,0.0049052,0.03205116,0.0049052,1237.214334,-0.270263791,0.01447947,1,2645.091895,9.101162187,1.81E-05,1,0.153042822,294.0778217
247.081904,128594.7401,0.03705715,0.000444767,0.000444767,-741.9144764,-4.824790726,0.01595455,1,0,0,0,0.963371326,1,247.081904
330.221745,53022.2599,0.05211789,0.329322307,0.05211789,4027.266233,19.05241734,0.051774963,1,4304.8386,14.31012802,1.83E-05,1,0.158258001,300.8743434
309.974395,186431.5639,0.00311118,0.03360698,0.00311118,1208.584704,-0.841130233,0.013818055,1,2781.927579,9.543341146,1.81E-05,1,0.092575411,294.1564269
323.252698,121381.0119,0.01514881,0.102878246,0.01514881,2145.042797,5.923675505,0.022137703,1,3780.777826,12.70232642,1.82E-05,1,0.147249886,300.3815293
295.621952,83863.384,0.05729356,0.032581723,0.032581723,2126.192703,9.074011368,0.029296972,1,1699.412718,5.973751197,1.81E-05,0.974455892,1,295.621952
243.255007,95927.8018,0.09961351,0.000402453,0.000402453,-852.1233207,-2.840602134,0.021061762,1,0,0,0,0.900748999,1,243.255007
283.143688,136996.4719,0.10673946,0.009008139,0.009008139,694.5183871,0.062904337,0.017172289,1,758.932963,2.719951323,1.80E-05,0.901380299,1,283.143688
303.721485,197783.1363,0.03399031,0.02234419,0.02234419,1893.370522,1.148030305,0.012759272,1,2311.340908,8.00900244,1.81E-05,0.988087709,1,303.721485
266.319601,67898.6949,0.13742452,0.005069318,0.005069318,32.00983788,3.484346948,0.032595789,1,0,0,0,0.866970429,1,266.319601
275.191539,125360.3594,0.05861254,0.005676225,0.005676225,313.2556783,-0.572141039,0.018238303,1,156.5989966,0.562927959,1.80E-05,0.946761491,1,275.191539
253.226304,193894.4374,0.05705976,0.000541057,0.000541057,-564.4982287,-7.524113545,0.010839802,1,0,0,0,0.9434507,1,253.226304
265.727186,180890.3069,0.10212051,0.001815362,0.001815362,-141.1896017,-5.309159508,0.012198326,1,0,0,0,0.899512431,1,265.727186
310.879152,103976.1593,0.09058756,0.063160638,0.063160638,3952.749242,13.28119523,0.024846854,1,2848.718794,9.763318349,1.81E-05,0.970723987,1,310.879152
318.932568,69090.5877,0.01723056,0.145157446,0.01723056,2115.974545,10.5516497,0.038374884,1,3454.574536,11.68936152,1.82E-05,1,0.118702557,293.0558725
280.737373,107378.7165,0.01836059,0.009756687,0.009756687,660.2682722,1.966533323,0.021725117,1,576.4611211,2.074640024,1.80E-05,0.991311324,1,280.737373
299.895875,135179.0948,0.12128486,0.026140387,0.026140387,1956.965867,4.536130748,0.018435745,1,2022.22769,7.054805593,1.81E-05,0.902301655,1,299.895875
309.400346,172095.1911,0.14516476,0.035267513,0.035267513,2644.932182,4.819752653,0.014939219,1,2738.478317,9.403880118,1.81E-05,0.886085264,1,309.400346
289.223969,157674.5536,0.09255928,0.01165743,0.01165743,989.990415,-0.064429442,0.015240482,1,1218.340902,4.324004196,1.80E-05,0.918143919,1,289.223969
360.388647,146631.1482,0.19211371,0.433852008,0.19211371,11259.88929,32.82439734,0.020411503,1,6584.405518,20.9107159,1.86E-05,1,0.442809313,341.8695759
323.339089,104346.9708,0.14920598,0.120131175,0.120131175,6894.446775,22.51533644,0.025743571,1,3787.020972,12.72259811,1.82E-05,0.966955523,1,323.339089
271.474383,197901.8625,0.03286034,0.002708758,0.002708758,65.38094447,-5.281514329,0.0113913,1,0,0,0,0.969766523,1,271.474383
325.635584,72552.5066,0.18537636,0.193260757,0.18537636,9915.382764,34.72039934,0.037279844,1,3959.536768,13.25604445,1.83E-05,1,0.959203322,324.8351884
310.409779,93712.169,0.00474259,0.068294319,0.00474259,1300.74489,5.211222827,0.027534145,1,2813.214424,9.649625055,1.81E-05,1,0.069443404,288.600056
318.074334,168281.7657,0.11870428,0.057180472,0.057180472,3889.681276,9.067315871,0.015705555,1,3391.504041,11.48567328,1.82E-05,0.934744873,1,318.074334
267.31886,125447.9555,0.02276252,0.002997636,0.002997636,-36.92765998,-1.873735458,0.017702016,1,0,0,0,0.98017569,1,267.31886
249.468965,56312.2738,0.06767395,0.001284428,0.001284428,-627.7644534,2.494726343,0.03681329,1,0,0,0,0.933525096,1,249.468965
323.121904,118375.909,0.14700077,0.104798481,0.104798481,6193.876017,19.29320364,0.022678342,1,3770.878769,12.67186649,1.82E-05,0.952857219,1,323.121904
245.450533,144494.2217,0.07336513,0.000335749,0.000335749,-795.9123843,-6.012480793,0.014102365,1,0,0,0,0.926946091,1,245.450533
272.387354,123322.3651,0.11862307,0.004676542,0.004676542,186.6148372,-0.900229986,0.018350257,1,0,0,0,0.885518092,1,272.387354
289.945005,72523.7106,0.18489395,0.026466197,0.026466197,1685.103779,8.788756004,0.033228178,1,1271.266704,4.512072162,1.80E-05,0.837265278,1,289.945005
306.021123,89996.0525,0.00585833,0.05577861,0.00585833,1223.348377,5.31864777,0.028265022,1,2482.726795,8.577563692,1.81E-05,1,0.105028254,287.255905
364.715145,129483.1604,0.04431534,0.578502018,0.04431534,4685.04205,13.38671069,0.023418719,1,6911.883686,21.81486682,1.87E-05,1,0.076603605,317.9833532
384.818324,163791.0165,0.17786692,0.927018376,0.17786692,11352.75213,31.95041445,0.0195207,1,8439.90352,25.89127411,1.90E-05,1,0.191869897,344.2438434
296.275625,156144.8785,0.16528602,0.018245407,0.018245407,1493.353191,1.759479867,0.015766312,1,1749.878017,6.139861063,1.81E-05,0.850226712,1,296.275625
259.554178,141669.2848,0.19251291,0.001335195,0.001335195,-339.4949505,-4.036924301,0.015215757,1,0,0,0,0.808566684,1,259.554178
256.929727,185470.8651,0.05609728,0.000802231,0.000802231,-443.8987226,-6.680862569,0.011500013,1,0,0,0,0.944660556,1,256.929727
341.226553,81747.4767,0.165091,0.35285255,0.165091,9466.737448,32.37398088,0.03468127,1,5135.218706,16.78217119,1.84E-05,1,0.467875321,325.9233352
302.526696,132717.6754,0.09941398,0.031034203,0.031034203,2255.038262,5.689827599,0.018942675,1,2220.307136,7.712567272,1.81E-05,0.929430144,1,302.526696
259.530172,71922.5637,0.03019322,0.002616665,0.002616665,-276.4249841,1.838887206,0.029984781,1,0,0,0,0.972351098,1,259.530172
313.137391,94409.1405,0.05956716,0.078527662,0.05956716,3857.935284,13.77600329,0.027565966,1,3018.592525,10.30832986,1.82E-05,1,0.758550028,308.8621851
344.910579,67092.8187,0.09684562,0.503708122,0.09684562,6486.97579,24.84006755,0.042732773,1,5413.093441,17.59293413,1.84E-05,1,0.192265353,313.9994703
339.087735,181016.111,0.04205886,0.145456601,0.04205886,3824.585838,8.109974248,0.015570918,1,4975.311362,16.3067036,1.84E-05,1,0.289150577,318.7934062
367.089843,178337.0398,0.00244769,0.460117167,0.00244769,2849.668672,4.361529544,0.017116712,1,7092.570838,22.30618417,1.87E-05,1,0.00531971,311.6227038
323.143752,52631.1345,0.18022823,0.23548721,0.18022823,9612.086271,36.46964742,0.051011409,1,3771.503073,12.6775083,1.82E-05,1,0.765341905,318.1629742
299.452532,116622.6221,0.01063568,0.029502511,0.01063568,1245.621393,3.303288447,0.021340333,1,1988.528778,6.943473032,1.81E-05,1,0.36050084,290.1320509
256.755553,84383.8818,0.00328645,0.001727416,0.001727416,-398.3230957,0.039879331,0.025280188,1,0,0,0,0.998438268,1,256.755553
261.566287,195205.0798,0.19309942,0.001165162,0.001165162,-293.1027233,-6.521523198,0.011124403,1,0,0,0,0.807841847,1,261.566287
300.78888,111406.1116,0.18010532,0.0334016,0.0334016,2312.485983,7.338373256,0.022437817,1,2089.08798,7.278850342,1.81E-05,0.848226813,1,300.78888
288.232469,186140.1188,0.09909098,0.009274745,0.009274745,851.5380575,-1.933162068,0.01286391,1,1144.031117,4.064856798,1.80E-05,0.909342944,1,288.232469
262.009258,80874.1612,0.00245271,0.002912771,0.00245271,-212.3875846,1.109825402,0.026919553,1,0,0,0,1,0.842053696,261.4505817
292.15575,173457.0301,0.19591206,0.012757691,0.012757691,1124.15038,-0.390948677,0.013993904,1,1439.691167,5.08449706,1.80E-05,0.814478809,1,292.15575
355.055441,182544.9125,0.17138786,0.283023949,0.17138786,10154.48795,27.7234498,0.016150921,1,6181.355973,19.78211834,1.86E-05,1,0.605559568,343.8928771
350.886698,145138.0275,0.025131,0.300211019,0.025131,3406.160832,8.393302051,0.02009999,1,5865.658283,18.8896719,1.85E-05,1,0.083711118,312.6195144
245.020432,121608.9706,0.16712072,0.000381353,0.000381353,-804.1672655,-4.614263139,0.016730652,1,0,0,0,0.833197023,1,245.020432
341.179327,100714.8706,0.06095074,0.286041552,0.06095074,4747.098418,15.96813949,0.028159938,1,5131.935672,16.77152616,1.84E-05,1,0.213083517,314.2032537
295.524972,174432.9504,0.07027309,0.015613883,0.015613883,1351.411532,0.34878948,0.014076622,1,1693.628759,5.948649574,1.81E-05,0.944473814,1,295.524972
301.131479,166306.9292,0.07727961,0.022862513,0.022862513,1843.059977,2.424367518,0.015045684,1,2115.796427,7.364295968,1.81E-05,0.944309682,1,301.131479
338.682108,66041.3568,0.11607225,0.390024805,0.11607225,7173.059672,27.14276732,0.042624373,1,4942.996932,16.21758425,1.84E-05,1,0.297602226,315.8932992
343.43124,134965.5604,0.00528176,0.235713977,0.00528176,2287.622028,5.215275959,0.021155746,1,5302.406245,17.26769264,1.84E-05,1,0.022407496,303.0296173
271.579201,187873.7864,0.1963332,0.002877302,0.002877302,76.83593124,-4.806567213,0.012004722,1,0,0,0,0.805985865,1,271.579201
338.129316,195987.2943,0.14716936,0.128765873,0.128765873,7715.633039,19.78951585,0.014327289,1,4903.234794,16.09302992,1.84E-05,0.978876531,1,338.129316
253.969657,128928.1925,0.11130713,0.000871109,0.000871109,-522.0245542,-3.966921787,0.016359428,1,0,0,0,0.889467693,1,253.969657
316.842948,65962.5312,0.17195994,0.136497184,0.136497184,7445.033114,28.00877503,0.039910177,1,3297.162275,11.19435687,1.82E-05,0.958931511,1,316.842948
350.339841,189667.8989,0.00632393,0.224936239,0.00632393,2534.509646,3.135117516,0.015357766,1,5824.975483,18.77128802,1.85E-05,1,0.028114323,309.8013736
301.824092,153079.3177,0.02156113,0.025849252,0.02156113,1805.569218,2.982604062,0.01638444,1,2167.734939,7.537369254,1.81E-05,1,0.834110417,299.7580198
260.737312,50887.1396,0.03667087,0.004123479,0.004123479,-171.6478359,5.111885623,0.042584243,1,0,0,0,0.967317845,1,260.737312
268.769941,87307.6893,0.08713258,0.004869262,0.004869262,92.77515402,1.622550836,0.025580111,1,0,0,0,0.91733416,1,268.769941
370.63425,159671.9057,0.01683322,0.584215218,0.01683322,3608.633041,7.914101197,0.019301664,1,7361.187652,23.03536853,1.88E-05,1,0.028813388,315.3770449
279.143933,192981.6196,0.16438008,0.004879507,0.004879507,387.4689132,-3.890856713,0.012014204,1,457.3933536,1.643797324,1.80E-05,0.839717326,1,279.143933
363.075141,174774.229,0.16910806,0.403916445,0.16910806,10295.23879,28.4512021,0.017254491,1,6788.252884,21.47279942,1.87E-05,1,0.418670896,343.2529527
328.770205,77726.5963,0.00781962,0.209900684,0.00781962,1977.002881,8.955607857,0.035165069,1,4195.816931,13.97788219,1.83E-05,1,0.037253904,293.3239242
283.613086,151797.5807,0.00066423,0.008393067,0.00066423,331.0459999,-2.14940324,0.015523101,1,794.6639841,2.845099558,1.80E-05,1,0.079140317,276.6124719
330.458306,56817.0391,0.19766062,0.310835062,0.19766062,10619.97753,38.86376847,0.048319431,1,4322.726961,14.36406919,1.83E-05,1,0.635901943,321.6608039
303.133514,174818.6799,0.0639532,0.024426388,0.024426388,1971.67699,2.442255788,0.014408164,1,2266.692382,7.863224613,1.81E-05,0.959483517,1,303.133514
364.739495,164834.8995,0.01810472,0.455802426,0.01810472,3493.041456,7.377942534,0.018399048,1,6914.219623,21.81946056,1.87E-05,1,0.039720543,315.1301879
267.804404,174495.7855,0.12128597,0.002250994,0.002250994,-60.4356358,-4.705307972,0.01274538,1,0,0,0,0.880696473,1,267.804404
347.68944,100866.1954,0.01962128,0.377583752,0.01962128,3064.541713,10.30235089,0.028658861,1,5623.448389,18.19857251,1.85E-05,1,0.051965372,304.9722981
271.901566,86362.9234,0.13613216,0.006405393,0.006405393,253.2825116,2.304999538,0.026162264,1,0,0,0,0.869436925,1,271.901566
251.253869,136820.8833,0.18488102,0.00063211,0.00063211,-612.6622566,-4.820113322,0.01524884,1,0,0,0,0.815634551,1,251.253869
257.853668,68972.6612,0.15657588,0.002338766,0.002338766,-337.4764052,1.9513817,0.031065398,1,0,0,0,0.845401316,1,257.853668
320.327438,160989.1301,0.09638478,0.067049926,0.067049926,4402.408804,11.08206142,0.016532851,1,3561.06547,12.01729729,1.82E-05,0.968556888,1,320.327438
374.113118,160702.9297,0.0092086,0.657054286,0.0092086,3363.910629,6.914981529,0.019358589,1,7625.34585,23.74471124,1.88E-05,1,0.014014976,313.8583234
367.702131,167029.9737,0.07713659,0.502176103,0.07713659,6262.397138,16.31818641,0.018300508,1,7138.845162,22.43271245,1.87E-05,1,0.153604661,329.4417542
290.829743,93442.0554,0.04722609,0.021738631,0.021738631,1496.196316,6.040701625,0.025866373,1,1338.349392,4.741783987,1.80E-05,0.973946166,1,290.829743
306.492635,88499.923,0.03136534,0.058240245,0.03136534,2389.487234,9.499802714,0.028785286,1,2518.204066,8.693493744,1.81E-05,1,0.53855096,298.42437
271.954078,99913.4052,0.04660131,0.005563669,0.005563669,215.8145441,0.956701303,0.022616607,1,0,0,0,0.958732762,1,271.954078
293.566518,54563.0027,0.13938282,0.044112262,0.044112262,2588.434355,14.17421564,0.044720202,1,1544.017054,5.448054051,1.80E-05,0.900332901,1,293.566518
350.450669,195791.4201,0.07544727,0.218939119,0.07544727,5671.84326,13.3232662,0.014876487,1,5833.438767,18.79511816,1.85E-05,1,0.34460388,329.9621173
245.075212,159485.9959,0.17284905,0.000292953,0.000292953,-810.244274,-6.890642842,0.012755085,1,0,0,0,0.827393338,1,245.075212
354.597617,142762.1008,0.09115893,0.354793086,0.09115893,6510.956352,18.56147912,0.020644722,1,6146.16456,19.68501981,1.86E-05,1,0.256935474,327.5478113
272.795306,198633.8545,0.13457321,0.00301133,0.00301133,117.5111864,-5.118892446,0.011404865,1,0,0,0,0.868040747,1,272.795306
319.720554,199408.4911,0.05009217,0.052539375,0.05009217,3615.857983,6.761505772,0.013322442,1,3515.962807,11.87417617,1.82E-05,1,0.953421514,318.9748635
363.982359,161025.1814,0.13225625,0.453407033,0.13225625,8653.517688,24.12611586,0.018782984,1,6856.793777,21.66204877,1.87E-05,1,0.291694306,336.9670443
299.239777,137287.1719,0.00640213,0.024763249,0.00640213,1046.899017,1.234263356,0.018114268,1,1972.847957,6.889841761,1.81E-05,1,0.258533524,288.908691
294.034628,146322.2825,0.19079031,0.016977456,0.016977456,1371.318088,1.881594852,0.016697645,1,1580.850304,5.567784906,1.81E-05,0.823185282,1,294.034628
371.279493,178844.3381,0.07969142,0.534475053,0.07969142,6484.023623,16.40437476,0.017258003,1,7410.422149,23.16712158,1.88E-05,1,0.149102226,331.5914156
257.23054,52509.9048,0.06421433,0.002897558,0.002897558,-329.0125135,4.24882081,0.040711563,1,0,0,0,0.938505043,1,257.23054
286.915369,157046.8354,0.04930286,0.010085926,0.010085926,851.7461304,-0.516959589,0.015178838,1,1044.13529,3.719305701,1.80E-05,0.960383497,1,286.915369
293.892421,132896.0121,0.09919125,0.018522342,0.018522342,1437.799392,2.911587197,0.018376512,1,1569.905893,5.53137882,1.81E-05,0.917808717,1,293.892421
307.980258,179069.6607,0.03776517,0.031347991,0.031347991,2425.853228,3.761646135,0.014291234,1,2631.677176,9.057488444,1.81E-05,0.993375145,1,307.980258
344.117124,52071.682,0.11077396,0.626558681,0.11077396,7096.199547,28.85127142,0.054933555,1,5352.965876,17.41920933,1.84E-05,1,0.176797423,311.4979158
300.721225,165815.3728,0.09667916,0.022387231,0.022387231,1809.636326,2.335902879,0.015069703,1,2084.893324,7.261632245,1.81E-05,0.924006794,1,300.721225
360.523419,197660.7618,0.13989804,0.324215251,0.13989804,8892.295581,23.18923076,0.015151999,1,6595.326146,20.93837552,1.86E-05,1,0.431497407,341.9525602
252.592513,160820.7352,0.14316582,0.000612886,0.000612886,-576.7177117,-6.019451202,0.013039936,1,0,0,0,0.857359644,1,252.592513
319.241952,138558.0458,0.15082564,0.073676473,0.073676473,4671.439711,13.19120152,0.019144591,1,3478.965283,11.76183825,1.82E-05,0.916714663,1,319.241952
345.247268,121193.8415,0.15913917,0.283650561,0.15913917,9312.585088,28.62539404,0.023663956,1,5439.308577,17.66601072,1.84E-05,1,0.561039503,333.2315909
350.629556,91059.7488,0.08179231,0.472279736,0.08179231,5972.170323,20.63419881,0.032008433,1,5845.444635,18.83489723,1.85E-05,1,0.173186152,317.4745211
290.00207,124740.4251,0.10565447,0.015468027,0.015468027,1186.934848,2.572480114,0.019318769,1,1276.465593,4.526753044,1.80E-05,0.908396633,1,290.00207
371.07515,192761.1433,0.15109959,0.492636608,0.15109959,9718.557402,25.81649605,0.015993285,1,7395.101442,23.12514186,1.88E-05,1,0.306716122,343.7345912
334.680166,141970.528,0.17143969,0.151817481,0.151817481,8660.064143,25.36286042,0.019576653,1,4642.298248,15.32030806,1.83E-05,0.976865582,1,334.680166
342.84097,57552.9412,0.06868715,0.536863452,0.06868715,5149.7834,21.89809522,0.049522074,1,5256.709019,17.13867409,1.84E-05,1,0.127941565,306.7716296
376.643724,148151.3128,0.03194272,0.77758549,0.03194272,4473.294043,11.34870981,0.02113957,1,7817.482569,24.25719064,1.88E-05,1,0.041079367,319.132707
282.897908,68965.9733,0.09811274,0.017562621,0.017562621,1078.067425,7.115594853,0.034092695,1,739.1607347,2.654421538,1.80E-05,0.91800992,1,282.897908
286.619471,75984.4287,0.03934149,0.020395978,0.020395978,1313.93457,7.130292965,0.031350287,1,1020.394623,3.641614534,1.80E-05,0.98066003,1,286.619471
329.714444,98091.5952,0.06149397,0.174081628,0.06149397,4433.552895,15.25888733,0.027939143,1,4267.290733,14.19383693,1.83E-05,1,0.353247903,312.3473994
301.807708,65962.1306,0.13348895,0.059784082,0.059784082,3536.555802,15.7101433,0.038027932,1,2165.064078,7.533740567,1.81E-05,0.921608573,1,301.807708
270.780336,144143.8623,0.19193159,0.003502414,0.003502414,85.20106264,-2.572447166,0.015604565,1,0,0,0,0.810908547,1,270.780336
284.868865,149711.8443,0.17256768,0.0092496,0.0092496,754.8209184,-0.461490182,0.015808999,1,889.4930379,3.178854438,1.80E-05,0.83515719,1,284.868865
374.921689,175656.8665,0.02281718,0.619105678,0.02281718,4006.224264,8.392675857,0.017748546,1,7686.976606,23.90852042,1.88E-05,1,0.036855065,319.3580089
276.246411,86285.6956,0.0840425,0.008877413,0.008877413,491.2942574,3.177488736,0.026605217,1,235.9223604,0.853178007,1.80E-05,0.924161665,1,276.246411
370.259312,135402.7579,0.02588188,0.678444771,0.02588188,4010.159361,10.6669788,0.022737262,1,7332.402545,22.9588938,1.88E-05,1,0.038148838,315.1632132
311.863229,145268.1727,0.17086195,0.047729943,0.047729943,3281.818574,8.324404903,0.017839609,1,2923.472399,10.00099113,1.81E-05,0.870696336,1,311.863229
278.00878,163222.5161,0.05911873,0.005326194,0.005326194,376.7362644,-2.536164357,0.014148763,1,370.8940962,1.335216666,1.80E-05,0.94591942,1,278.00878
268.759273,107645.5749,0.05703193,0.003948755,0.003948755,49.34789113,-0.278929371,0.020743607,1,0,0,0,0.946706382,1,268.759273
340.544169,101127.8712,0.00590903,0.27703821,0.00590903,2233.315927,7.477458927,0.027996946,1,5084.011681,16.63090726,1.84E-05,1,0.021329296,298.810447
267.17904,196383.8887,0.05917503,0.001897137,0.001897137,-96.42574757,-5.823078671,0.01129658,1,0,0,0,0.942613236,1,267.17904
342.72864,120050.7102,0.11111692,0.256929626,0.11111692,7063.711909,21.81954692,0.023723932,1,5249.151817,17.11326899,1.84E-05,1,0.432479982,326.3605651
325.92951,89498.0765,0.02917792,0.159015582,0.02917792,2860.266177,10.87628354,0.030273695,1,3981.94354,13.32387318,1.83E-05,1,0.183490949,301.9663484
348.981586,82169.5542,0.08585002,0.488661662,0.08585002,6108.000614,21.93213737,0.035304614,1,5720.791046,18.47901569,1.85E-05,1,0.175683968,316.1919098
349.242829,123258.148,0.107407,0.330011219,0.107407,7089.613704,21.63821567,0.023547856,1,5741.124548,18.53508285,1.85E-05,1,0.325464693,326.8956905
356.487844,90184.8034,0.12034555,0.60367159,0.12034555,7895.458097,26.67359815,0.032854816,1,6288.389475,20.08778833,1.86E-05,1,0.199355994,323.5074156
345.43658,134842.2131,0.05292438,0.25713048,0.05292438,4506.791797,12.72421199,0.021295628,1,5453.803053,17.70725298,1.84E-05,1,0.20582694,317.8476408
303.128921,140407.2041,0.14514343,0.030375922,0.030375922,2242.432768,5.178550465,0.017940602,1,2265.781153,7.862272525,1.81E-05,0.88163711,1,303.128921
278.120651,199244.7427,0.12116018,0.004402822,0.004402822,335.6322421,-4.344787959,0.011593257,1,380.0148311,1.365683637,1.80E-05,0.882726307,1,278.120651
326.84667,64386.9001,0.09205378,0.230902971,0.09205378,5734.324006,22.90653355,0.042192874,1,4050.662049,13.53582061,1.83E-05,1,0.398668669,310.8731812
282.832283,108944.7193,0.19310361,0.011083304,0.011083304,781.067763,2.275601175,0.021572908,1,734.903688,2.636824897,1.80E-05,0.815939698,1,282.832283
307.318769,111826.4535,0.13518057,0.04829944,0.04829944,3176.456744,10.15900898,0.022838444,1,2580.784156,8.896023547,1.81E-05,0.908709595,1,307.318769
281.068933,119111.2858,0.11243637,0.009000353,0.009000353,634.9650608,1.014147633,0.019607247,1,601.7508985,2.163917726,1.80E-05,0.895624567,1,281.068933
253.814037,177160.5699,0.19945593,0.000625934,0.000625934,-541.9957614,-6.685578294,0.011893187,1,0,0,0,0.801045471,1,253.814037
291.732714,90464.4865,0.07850212,0.023763479,0.023763479,1614.135511,6.712976846,0.026801085,1,1406.385354,4.975543431,1.80E-05,0.943928915,1,291.732714
327.322945,185133.2737,0.06630203,0.082453812,0.06630203,4573.607473,10.4456644,0.014691195,1,4088.405405,13.64447035,1.83E-05,1,0.804111152,323.591096
296.593099,51089.7126,0.16906765,0.056667944,0.056667944,3243.979594,16.87080794,0.048252587,1,1772.034855,6.221006274,1.81E-05,0.880848207,1,296.593099
251.151701,171843.753,0.14215585,0.000499086,0.000499086,-624.8884012,-6.761751934,0.01213215,1,0,0,0,0.858272502,1,251.151701
250.854362,70580.8532,0.19129946,0.001174988,0.001174988,-593.7072528,0.75443592,0.029530732,1,0,0,0,0.809651871,1,250.854362
339.765734,185156.3615,0.06049782,0.146566511,0.06049782,4679.145008,10.70253176,0.015251303,1,5026.524248,16.45735993,1.84E-05,1,0.412767008,324.1263852
326.453191,116546.6809,0.13274572,0.125356831,0.125356831,7221.855064,22.6068451,0.02326875,1,4021.817006,13.44459858,1.83E-05,0.991552111,1,326.453191
287.034782,144403.9718,0.14882192,0.011050054,0.011050054,899.6240742,0.350372831,0.016515552,1,1052.929285,3.750743692,1.80E-05,0.860688737,1,287.034782
293.618994,63841.1142,0.00914656,0.037834436,0.00914656,1011.784308,7.509539552,0.038229833,1,1548.129437,5.461490745,1.80E-05,1,0.241752252,281.3117024
326.655602,168931.2427,0.09635225,0.087456824,0.087456824,5510.653913,14.19084769,0.016064722,1,4037.87422,13.49084066,1.83E-05,0.990252049,1,326.655602
327.964845,190717.7192,0.05607295,0.08256286,0.05607295,4129.955588,8.763887285,0.014290234,1,4136.858486,13.79204233,1.83E-05,1,0.679154646,321.5437826
254.127829,89881.9595,0.05726205,0.001266335,0.001266335,-496.077984,-0.867344013,0.023488923,1,0,0,0,0.943933286,1,254.127829
364.870062,112536.5141,0.09707543,0.668590233,0.09707543,7087.296407,22.23664194,0.026951473,1,6923.389003,21.84727413,1.87E-05,1,0.145194209,325.0776577
309.221736,64276.6989,0.04481169,0.093229861,0.04481169,3078.701918,14.43828743,0.039988579,1,2723.290928,9.36109933,1.81E-05,1,0.480658125,298.7989882
319.989983,194337.1016,0.10344099,0.054647156,0.054647156,3829.824643,7.671337346,0.013681307,1,3536.173699,11.93765245,1.82E-05,0.948385585,1,319.989983
370.713733,158165.9477,0.0995254,0.591408221,0.0995254,7369.49166,20.22113149,0.019482536,1,7367.199383,23.05166314,1.88E-05,1,0.168285452,332.4677254
327.366057,89726.6357,0.19969584,0.170047953,0.170047953,9271.769108,31.02514817,0.030303169,1,4090.188155,13.65524114,1.83E-05,0.96427759,1,327.366057
347.768092,85237.516,0.05856471,0.447915287,0.05856471,4834.388573,17.57307611,0.033918273,1,5629.162082,18.21583435,1.85E-05,1,0.130749523,311.8198746
309.699317,135551.5903,0.00842853,0.045470352,0.00842853,1444.013713,2.675398568,0.018989714,1,2760.397823,9.476831578,1.81E-05,1,0.185363199,294.1947126
334.017175,162839.6757,0.09414024,0.128459424,0.09414024,6032.094208,16.11051182,0.017042722,1,4592.623028,15.17059052,1.83E-05,1,0.732840276,328.2148158
364.953787,178873.9918,0.1542411,0.423702702,0.1542411,9677.781777,26.37289727,0.016949284,1,6930.654375,21.86378725,1.87E-05,1,0.364031429,342.0791833
340.043263,115621.6529,0.19004083,0.237136794,0.19004083,10553.5681,32.76789822,0.024421241,1,5046.430578,16.51968653,1.84E-05,1,0.801397483,335.4237868
244.617955,72414.4292,0.06692203,0.000613065,0.000613065,-800.6603787,-0.293596492,0.0280646,1,0,0,0,0.933650358,1,244.617955
293.95689,91472.1922,0.05350873,0.026984104,0.026984104,1824.37756,7.335755925,0.026708013,1,1574.064241,5.548070404,1.81E-05,0.972739781,1,293.95689
361.340285,119530.3088,0.12831402,0.551168842,0.12831402,8399.383079,25.84401141,0.025123497,1,6656.08211,21.11074003,1.86E-05,1,0.232803472,330.2981151
356.385557,195682.3927,0.13357291,0.278511768,0.13357291,8481.591725,22.04862802,0.015129562,1,6282.150494,20.06478602,1.86E-05,1,0.47959521,340.5012555
354.313858,194617.0679,0.09724369,0.257787745,0.09724369,6774.296624,16.81839678,0.015129219,1,6125.447329,19.62385755,1.86E-05,1,0.377223866,334.443855
258.624343,65461.5779,0.15138773,0.002645291,0.002645291,-300.9403707,2.52637073,0.032830634,1,0,0,0,0.85086305,1,258.624343
327.133784,90589.6747,0.1141914,0.166554855,0.1141914,6741.072995,23.21194328,0.030007021,1,4072.699233,13.60175086,1.83E-05,1,0.685608352,320.2396667
247.279685,181741.6011,0.0013813,0.000321832,0.000321832,-746.7808681,-7.716867814,0.011292086,1,0,0,0,0.998940191,1,247.279685
355.159334,154968.3104,0.04044477,0.334443445,0.04044477,4226.279729,10.52783851,0.019053668,1,6188.820114,19.80457914,1.86E-05,1,0.120931567,318.6173447
307.856399,185947.3656,0.15096269,0.029987477,0.029987477,2360.338512,3.228926889,0.013756909,1,2622.463654,9.027161716,1.81E-05,0.875284896,1,307.856399
302.980857,142081.8932,0.19092036,0.029764927,0.029764927,2210.401493,4.972620739,0.017720402,1,2254.65961,7.825474427,1.81E-05,0.833900631,1,302.980857
272.84412,85128.5197,0.01698522,0.007025628,0.007025628,308.7867252,2.627576123,0.026634076,1,0,0,0,0.98996994,1,272.84412
355.645254,124726.0952,0.13100085,0.423097469,0.13100085,8350.143137,25.38819702,0.023695013,1,6225.141944,19.9083581,1.86E-05,1,0.309623336,331.0337906
277.657775,75908.1388,0.14287114,0.01114191,0.01114191,635.2869152,4.757893408,0.030399022,1,342.7312975,1.239512581,1.80E-05,0.866786518,1,277.657775
370.428144,166296.9544,0.11709348,0.55702624,0.11709348,8158.177425,22.26208613,0.018513097,1,7345.636482,22.99306315,1.88E-05,1,0.210211785,336.0515002
274.237288,188409.1534,0.17003083,0.003534716,0.003534716,183.9895735,-4.434137423,0.012088474,1,85.30259852,0.299263689,1.80E-05,0.832913282,1,274.237288
377.840566,160935.7744,0.12288635,0.746804918,0.12288635,8643.786389,23.9416102,0.019513625,1,7908.652928,24.49822775,1.89E-05,1,0.164549465,336.8175094
374.419539,172924.8671,0.03330238,0.617784301,0.03330238,4468.514312,10.09243958,0.018004101,1,7648.788654,23.80673356,1.88E-05,1,0.053906161,321.7253851
279.031488,109978.8634,0.0840187,0.008472098,0.008472098,552.4161707,1.381668884,0.021081938,1,447.3972297,1.613338221,1.80E-05,0.923807891,1,279.031488
243.524099,95316.4274,0.02789548,0.000416494,0.000416494,-843.5951142,-2.752425973,0.021220552,1,0,0,0,0.972509564,1,243.524099
363.177929,91982.9857,0.1351588,0.766147226,0.1351588,8767.716016,29.13306625,0.032816208,1,6794.885394,21.4953193,1.87E-05,1,0.176413613,326.2276582
284.55797,65421.4414,0.1682919,0.02067999,0.02067999,1267.333646,8.210211468,0.036151549,1,864.5377729,3.096539832,1.80E-05,0.849271016,1,284.55797
321.893318,77822.3976,0.10345477,0.149757966,0.10345477,6101.376942,22.48885509,0.034373471,1,3677.704464,12.38525247,1.82E-05,1,0.690813136,315.4171514
312.130697,123214.4686,0.1320411,0.057055298,0.057055298,3712.39934,11.0939543,0.021051162,1,2943.256896,10.06568643,1.81E-05,0.920476989,1,312.130697
325.271619,66194.2826,0.14144171,0.208044759,0.14144171,7920.545086,29.44767154,0.040831325,1,3932.0168,13.17184224,1.83E-05,1,0.679861925,318.1671237
330.415852,67271.2208,0.0837121,0.262124488,0.0837121,5462.301353,21.67302837,0.040826678,1,4319.686324,14.35428843,1.83E-05,1,0.31936009,310.577291
327.756971,171910.65,0.16010033,0.090642277,0.090642277,5686.940464,14.59828508,0.015839077,1,4120.906235,13.74443501,1.83E-05,0.923618559,1,327.756971
260.949318,72280.8347,0.00911976,0.002961754,0.002961754,-219.6085659,2.015326839,0.029999676,1,0,0,0,0.993823702,1,260.949318
262.424178,139847.2114,0.12300886,0.00175229,0.00175229,-236.8927148,-3.534715407,0.015585601,1,0,0,0,0.878530581,1,262.424178
249.832009,154222.3244,0.09583917,0.000488279,0.000488279,-662.2179599,-6.012684502,0.013449026,1,0,0,0,0.904602529,1,249.832009
243.524207,154497.7365,0.16617064,0.000257701,0.000257701,-856.5789406,-6.81676462,0.013083634,1,0,0,0,0.834044294,1,243.524207
299.224262,185205.2211,0.10983351,0.018364449,0.018364449,1582.974337,0.642914107,0.01342392,1,1972.476086,6.885704816,1.81E-05,0.906819735,1,299.224262
285.018223,138073.9018,0.04747267,0.010124894,0.010124894,799.4987704,0.370193257,0.017151411,1,900.5702404,3.21846565,1.80E-05,0.962270214,1,285.018223
342.062871,70470.0751,0.0257781,0.42428574,0.0257781,3180.402533,13.76304048,0.040355712,1,5198.169284,16.96703638,1.84E-05,1,0.060756461,300.5626099
319.615623,152333.6293,0.00840407,0.06832761,0.00840407,1731.696275,2.619110464,0.017439967,1,3507.322345,11.84982753,1.82E-05,1,0.122996692,298.9017936
271.075326,196848.0804,0.101349,0.002633941,0.002633941,50.44707821,-5.292658013,0.011435406,1,0,0,0,0.901024244,1,271.075326
258.753092,144403.7058,0.15261436,0.001217451,0.001217451,-368.3892341,-4.307669855,0.014880976,1,0,0,0,0.848418548,1,258.753092
344.723663,155426.4606,0.04037547,0.216525121,0.04037547,3915.764055,9.61462684,0.0184377,1,5400.276369,17.55103886,1.84E-05,1,0.186470141,316.9021078
325.445381,118686.7992,0.09133568,0.11720627,0.09133568,5654.849918,17.57942618,0.022784971,1,3945.918827,13.21162581,1.83E-05,1,0.779272983,321.0242097
317.121235,55579.4313,0.0879166,0.164299005,0.0879166,5260.094977,22.64835185,0.047424323,1,3317.954442,11.26054668,1.82E-05,1,0.535101231,306.801448
308.126071,176127.7716,0.01798441,0.032127459,0.01798441,1827.096388,1.861517059,0.014538239,1,2642.607351,9.093142966,1.81E-05,1,0.559783142,301.6312031
368.561236,124380.3893,0.04845337,0.693835063,0.04845337,4986.857754,14.64741319,0.024636789,1,7203.418165,22.61028963,1.87E-05,1,0.069834133,318.7121113
290.616734,116744.1563,0.1483323,0.017179386,0.017179386,1282.650527,3.45515527,0.020686471,1,1322.684519,4.686455686,1.80E-05,0.866554576,1,290.616734
340.679144,159922.8354,0.12986417,0.176559412,0.12986417,7846.175685,21.86759689,0.017695288,1,5095.06873,16.66019385,1.84E-05,1,0.735526748,334.4895907
330.078335,162995.2727,0.13294474,0.106774827,0.106774827,6485.460711,17.5349784,0.016822156,1,4295.706773,14.27637436,1.83E-05,0.970701774,1,330.078335
378.799888,133237.5498,0.08773752,0.929256648,0.08773752,7076.195907,20.6110906,0.023635798,1,7981.248137,24.69149781,1.89E-05,1,0.094416887,328.1154852
348.25024,116410.3943,0.11750724,0.335172242,0.11750724,7518.265419,23.45027668,0.024860854,1,5666.036858,18.32013836,1.85E-05,1,0.350587624,327.2284896
378.385609,184078.4002,0.11268187,0.666495682,0.11268187,8194.648728,21.42945487,0.017085558,1,7950.412946,24.60751608,1.89E-05,1,0.169066167,338.1684793
353.010835,85751.5452,0.06841089,0.552402408,0.06841089,5435.942111,19.401887,0.034223092,1,6025.365443,19.34657841,1.85E-05,1,0.123842491,314.3846674
338.930129,156237.3507,0.17242715,0.167236516,0.167236516,9482.388076,27.05343941,0.018010804,1,4963.05229,16.27188559,1.84E-05,0.993766977,1,338.930129
281.605598,181327.3027,0.04780933,0.006144433,0.006144433,517.2297758,-2.904213359,0.012900517,1,643.4401088,2.308115591,1.80E-05,0.958077514,1,281.605598
292.017331,179784.6283,0.08651307,0.012205051,0.012205051,1094.733142,-0.791912167,0.013494648,1,1429.363887,5.048749266,1.80E-05,0.924773842,1,292.017331
291.686961,141126.0567,0.18288068,0.015212532,0.015212532,1223.463446,1.671998933,0.017174154,1,1403.798829,4.963543225,1.80E-05,0.829741794,1,291.686961
281.234388,165379.4753,0.05204952,0.00656577,0.00656577,526.579433,-2.104372363,0.014126889,1,615.0848921,2.20837897,1.80E-05,0.95421564,1,281.234388
298.86037,122575.2493,0.19482935,0.027107721,0.027107721,1971.193402,5.398885363,0.020261828,1,1944.026385,6.794353763,1.81E-05,0.82760514,1,298.86037
345.768308,103152.7127,0.16938349,0.3404899,0.16938349,9794.597882,31.41831109,0.027846287,1,5478.388445,17.78008266,1.85E-05,1,0.49746994,331.2336204
323.585675,102900.0187,0.01174771,0.123313558,0.01174771,2001.92297,6.789557169,0.026141607,1,3805.573714,12.78003641,1.82E-05,1,0.095266978,297.004197
261.860802,83017.2354,0.19995748,0.002800326,0.002800326,-201.2584509,0.934965569,0.026209276,1,0,0,0,0.802289191,1,261.860802
316.163727,52447.718,0.03201666,0.165631841,0.03201666,2704.822065,14.8654978,0.050113119,1,3245.801195,11.03285657,1.82E-05,1,0.193300152,293.6881822
320.805897,91616.5071,0.168195,0.120486155,0.120486155,6836.579714,23.41592155,0.029092647,1,3596.015234,12.13026346,1.82E-05,0.945755436,1,320.805897
319.024983,66824.9014,0.01091939,0.150779603,0.01091939,1833.257102,9.837058399,0.039688073,1,3461.498788,11.71119835,1.82E-05,1,0.072419543,290.2670784
291.577133,169160.7455,0.15891561,0.012614992,0.012614992,1101.108416,-0.262156001,0.014321016,1,1395.996125,4.935053562,1.80E-05,0.851830222,1,291.577133
285.073288,138572.0287,0.13186886,0.01012539,0.01012539,801.0919111,0.345862926,0.017093032,1,904.7376035,3.233054133,1.80E-05,0.87701122,1,285.073288
367.616627,114170.3924,0.1899428,0.729555538,0.1899428,11385.58077,35.22138907,0.02675089,1,7131.633531,22.4157892,1.87E-05,1,0.260354134,336.773749
286.429649,145876.3472,0.06749115,0.010516316,0.010516316,857.7816333,0.118557448,0.016314164,1,1007.277593,3.591437376,1.80E-05,0.942419632,1,286.429649
290.166853,118190.8889,0.12620923,0.016493448,0.016493448,1238.466932,3.199823725,0.020401442,1,1288.78135,4.569616046,1.80E-05,0.888444279,1,290.166853
289.051763,159114.1414,0.02693926,0.011426035,0.011426035,974.4219531,-0.194650618,0.015093481,1,1205.375415,4.279072521,1.80E-05,0.984307472,1,289.051763
331.306737,87097.0464,0.03404777,0.211276861,0.03404777,3238.64672,12.32168144,0.031622207,1,4387.140096,14.55706514,1.83E-05,1,0.161152385,304.0103327
338.213328,182730.6883,0.09870404,0.13858156,0.09870404,6361.47981,16.16658291,0.015377464,1,4909.374116,16.11190459,1.84E-05,1,0.712245119,331.6924949
361.800383,159849.0714,0.18120757,0.420416344,0.18120757,10806.76349,30.74121065,0.018798027,1,6691.490008,21.20658938,1.86E-05,1,0.431019328,342.6338177
357.223754,197093.8733,0.12712933,0.285853689,0.12712933,8214.837006,21.16189426,0.015057793,1,6345.58316,20.24249241,1.86E-05,1,0.444735663,339.7860028
307.875341,167332.035,0.16378444,0.03334193,0.03334193,2513.589689,4.618933496,0.01528884,1,2623.588098,9.0319098,1.81E-05,0.865058273,1,307.875341
277.741623,111149.2701,0.03825865,0.007663231,0.007663231,478.2564643,1.026748469,0.020763086,1,349.7181959,1.26238621,1.80E-05,0.969168311,1,277.741623
342.72095,101505.7628,0.02895371,0.303558741,0.02895371,3342.048794,11.26715457,0.028069977,1,5248.297843,17.111774,1.84E-05,1,0.095380913,306.8548721
313.376084,122334.1686,0.15130126,0.061424752,0.061424752,3946.439077,11.90866152,0.021286988,1,3037.010158,10.36550529,1.82E-05,0.904241553,1,313.376084
345.727703,137636.7379,0.0310519,0.2550761,0.0310519,3523.566271,9.306448528,0.020882696,1,5475.826768,17.7708331,1.85E-05,1,0.121735827,312.5787338
255.55814,115150.2922,0.01191505,0.001133022,0.001133022,-462.7025609,-2.794578832,0.0184342,1,0,0,0,0.989205742,1,255.55814
357.745636,74431.7204,0.00132392,0.767238862,0.00132392,2529.470451,10.68665667,0.03996291,1,6383.334085,20.35447282,1.86E-05,1,0.001725564,297.0323088
274.626655,154428.2344,0.18024962,0.004429623,0.004429623,238.3383604,-2.580307572,0.014772377,1,114.2484126,0.406969892,1.80E-05,0.823397721,1,274.626655
345.516597,50920.6414,0.17817232,0.680008717,0.17817232,10193.34329,38.4807081,0.056390567,1,5458.616483,17.72566758,1.85E-05,1,0.262014759,318.5853669
259.716481,175349.1293,0.14191023,0.001096351,0.001096351,-348.4558641,-5.843698048,0.012297732,1,0,0,0,0.85903157,1,259.716481
362.187081,171696.9866,0.02945859,0.397443243,0.02945859,3933.566801,8.588112298,0.017539187,1,6720.942679,21.28734145,1.86E-05,1,0.074120244,318.5748276
344.296538,89769.2705,0.03977903,0.367197391,0.03977903,3879.871634,14.06253059,0.031885472,1,5367.065052,17.45815149,1.84E-05,1,0.108331461,308.0709019
316.870384,185278.057,0.11124073,0.048820863,0.048820863,3475.488221,6.923862018,0.014210787,1,3301.11371,11.19998051,1.82E-05,0.934376329,1,316.870384
343.47701,116883.0426,0.12452392,0.272550694,0.12452392,7693.33611,23.98577181,0.02441822,1,5305.595114,17.27794756,1.84E-05,1,0.456883518,327.8919393
304.569057,156396.6478,0.15072884,0.029621991,0.029621991,2249.492533,4.303248661,0.016182409,1,2374.479813,8.219059948,1.81E-05,0.875196214,1,304.569057
369.995734,162890.3662,0.00969768,0.559736925,0.00969768,3265.225527,6.557021628,0.018888002,1,7312.776777,22.90447656,1.88E-05,1,0.017325425,313.3890107
267.020407,101704.9625,0.13261621,0.00360034,0.00360034,-16.52275493,-0.053412257,0.021813536,1,0,0,0,0.87051795,1,267.020407
351.512443,126249.7498,0.18435261,0.353830362,0.18435261,10642.25896,32.2668313,0.02312445,1,5912.678805,19.02455319,1.85E-05,1,0.521019759,337.3407859
269.936365,67310.798,0.10227876,0.006966538,0.006966538,222.8338138,4.262576512,0.033328144,1,0,0,0,0.904019123,1,269.936365
279.830905,101955.6799,0.0940767,0.009654717,0.009654717,629.6425569,2.287870704,0.022807208,1,507.7718911,1.829918396,1.80E-05,0.914755,1,279.830905
249.787378,147467.7974,0.19660264,0.000508247,0.000508247,-661.9853114,-5.639817549,0.014063405,1,0,0,0,0.803805892,1,249.787378
291.492518,108879.4057,0.05155629,0.019460055,0.019460055,1411.671937,4.479970495,0.022248352,1,1388.588947,4.91337653,1.80E-05,0.967266775,1,291.492518
257.161614,71810.7986,0.04228463,0.002106961,0.002106961,-368.3039342,1.496975982,0.029756621,1,0,0,0,0.9597375,1,257.161614
346.701951,177453.9214,0.10986902,0.206442277,0.10986902,7120.271948,18.72633706,0.016232986,1,5549.980639,17.982895,1.85E-05,1,0.532202132,333.9909762
254.346389,151452.0795,0.1955566,0.000769384,0.000769384,-517.6703077,-5.287315013,0.013944514,1,0,0,0,0.805062802,1,254.346389
289.198184,189930.4137,0.18975996,0.009671325,0.009671325,897.3642747,-1.939838354,0.01264944,1,1216.9501,4.317183922,1.80E-05,0.81815266,1,289.198184
349.565108,103711.2664,0.08786083,0.397135959,0.08786083,6214.857182,20.32978684,0.028016699,1,5765.191655,18.60499796,1.85E-05,1,0.221236149,320.6633283