{"model_encoding": {"mole_frac_1_gas_phase": {"attr": {"x_data_columns": ["temperature", "pressure", "mole_frac_1"], "x_data": [[0.27756478271518015, 0.9582883868419009, 0.6100496703088736], [1.0, 0.6850401289272173, 0.9769616402611462], [0.0, 0.3524153983633463, 0.7504410626986644], [0.6566957803579121, 0.7637683889510415, 0.8083225635476204], [0.4849078542250082, 0.10927775698357718, 0.13695049503352394], [0.3549151631786107, 0.5764678343531794, 0.0], [0.2906874613065661, 0.9894576669647135, 0.9956843314018503], [0.6826214846110771, 1.0, 0.09072873022385383], [0.12700881572064315, 0.0, 0.5657558039065396], [0.5937446283349221, 0.8001971813268791, 0.25682349108921504], [0.6952787952650038, 0.6336945786588778, 0.9422755895606503], [0.47246546042866905, 0.1492382816797822, 0.8966979035007696], [0.92212500875074, 0.2766269070522587, 0.8741610184768869], [0.5420297052429083, 0.8814425925254599, 0.4287023910487924], [0.35079940771854656, 0.9880766706400215, 1.0], [0.799439117543342, 0.8188880806759674, 0.5916884122015225], [0.8737708063798235, 0.995384231280035, 0.8652211900960408], [0.5151678720915945, 0.5198543778514149, 0.295598593449677], [0.6047898672824079, 0.5896133579427206, 0.6967376905914123], [0.21059732740492096, 0.7181417791100808, 0.6117105190550808]], "centres": [[0.27756478271518015, 0.9582883868419009, 0.6100496703088736], [1.0, 0.6850401289272173, 0.9769616402611462], [0.0, 0.3524153983633463, 0.7504410626986644], [0.6566957803579121, 0.7637683889510415, 0.8083225635476204], [0.4849078542250082, 0.10927775698357718, 0.13695049503352394], [0.3549151631786107, 0.5764678343531794, 0.0], [0.2906874613065661, 0.9894576669647135, 0.9956843314018503], [0.6826214846110771, 1.0, 0.09072873022385383], [0.12700881572064315, 0.0, 0.5657558039065396], [0.5937446283349221, 0.8001971813268791, 0.25682349108921504], [0.6952787952650038, 0.6336945786588778, 0.9422755895606503], [0.47246546042866905, 0.1492382816797822, 0.8966979035007696], [0.92212500875074, 0.2766269070522587, 0.8741610184768869], [0.5420297052429083, 0.8814425925254599, 0.4287023910487924], [0.35079940771854656, 0.9880766706400215, 1.0], [0.799439117543342, 0.8188880806759674, 0.5916884122015225], [0.8737708063798235, 0.995384231280035, 0.8652211900960408], [0.5151678720915945, 0.5198543778514149, 0.295598593449677], [0.6047898672824079, 0.5896133579427206, 0.6967376905914123], [0.21059732740492096, 0.7181417791100808, 0.6117105190550808]], "basis_function": "gaussian", "weights": [[-27.387041061552623], [11.340174472020522], [-11.61181365372212], [-87.77751674098295], [-0.6280735859264874], [2.7376169110049595], [-18.598857465629152], [-6.637582097043335], [2.0333107527102214], [8.36709201907047], [-2.711546473217652], [2.8273224305054327], [4.146320620218916], [8.13713337708245], [38.25948428517057], [25.103800857606927], [9.693970818958064], [-20.336838279185173], [23.384871035176502], [42.689561667195306]], "sigma": 0.75, "regularization_parameter": 0.0002, "rmse": 0.005340399586575968, "R2": 0.999680069439658, "x_data_min": [[207.698969, 58786.1212, 0.00289994]], "x_data_max": [[381.812812, 197623.7101, 0.49853809]], "y_data_min": [4.749303209837053e-06], "y_data_max": [0.4871194]}, "map": {"x_data_columns": "list", "x_data": "numpy", "centres": "numpy", "basis_function": "str", "weights": "numpy", "sigma": "str", "regularization_parameter": "str", "rmse": "str", "R2": "str", "x_data_min": "numpy", "x_data_max": "numpy", "y_data_min": "numpy", "y_data_max": "numpy"}}, "enth_mol_gas_phase": {"attr": {"x_data_columns": ["temperature", "pressure", "mole_frac_1"], "x_data": [[0.27756478271518015, 0.9582883868419009, 0.6100496703088736], [1.0, 0.6850401289272173, 0.9769616402611462], [0.0, 0.3524153983633463, 0.7504410626986644], [0.6566957803579121, 0.7637683889510415, 0.8083225635476204], [0.4849078542250082, 0.10927775698357718, 0.13695049503352394], [0.3549151631786107, 0.5764678343531794, 0.0], [0.2906874613065661, 0.9894576669647135, 0.9956843314018503], [0.6826214846110771, 1.0, 0.09072873022385383], [0.12700881572064315, 0.0, 0.5657558039065396], [0.5937446283349221, 0.8001971813268791, 0.25682349108921504], [0.6952787952650038, 0.6336945786588778, 0.9422755895606503], [0.47246546042866905, 0.1492382816797822, 0.8966979035007696], [0.92212500875074, 0.2766269070522587, 0.8741610184768869], [0.5420297052429083, 0.8814425925254599, 0.4287023910487924], [0.35079940771854656, 0.9880766706400215, 1.0], [0.799439117543342, 0.8188880806759674, 0.5916884122015225], [0.8737708063798235, 0.995384231280035, 0.8652211900960408], [0.5151678720915945, 0.5198543778514149, 0.295598593449677], [0.6047898672824079, 0.5896133579427206, 0.6967376905914123], [0.21059732740492096, 0.7181417791100808, 0.6117105190550808]], "centres": [[0.27756478271518015, 0.9582883868419009, 0.6100496703088736], [1.0, 0.6850401289272173, 0.9769616402611462], [0.0, 0.3524153983633463, 0.7504410626986644], [0.6566957803579121, 0.7637683889510415, 0.8083225635476204], [0.4849078542250082, 0.10927775698357718, 0.13695049503352394], [0.3549151631786107, 0.5764678343531794, 0.0], [0.2906874613065661, 0.9894576669647135, 0.9956843314018503], [0.6826214846110771, 1.0, 0.09072873022385383], [0.12700881572064315, 0.0, 0.5657558039065396], [0.5937446283349221, 0.8001971813268791, 0.25682349108921504], [0.6952787952650038, 0.6336945786588778, 0.9422755895606503], [0.47246546042866905, 0.1492382816797822, 0.8966979035007696], [0.92212500875074, 0.2766269070522587, 0.8741610184768869], [0.5420297052429083, 0.8814425925254599, 0.4287023910487924], [0.35079940771854656, 0.9880766706400215, 1.0], [0.799439117543342, 0.8188880806759674, 0.5916884122015225], [0.8737708063798235, 0.995384231280035, 0.8652211900960408], [0.5151678720915945, 0.5198543778514149, 0.295598593449677], [0.6047898672824079, 0.5896133579427206, 0.6967376905914123], [0.21059732740492096, 0.7181417791100808, 0.6117105190550808]], "basis_function": "gaussian", "weights": [[-24.391077313585996], [10.998336323208775], [-10.106991938297922], [-70.49016878885618], [-0.028575980949619773], [1.544178440069766], [-17.355162574926993], [-4.329928949697944], [1.162563964584109], [5.82348657929839], [-5.476733597511895], [3.245103390449657], [3.315390533817819], [7.2738618577330385], [34.1122904076548], [19.428711269367255], [7.88655035126294], [-16.32386725900966], [18.90046392926729], [37.56422980846112]], "sigma": 0.75, "regularization_parameter": 0.0002, "rmse": 0.004446800563608113, "R2": 0.9997544462042874, "x_data_min": [[207.698969, 58786.1212, 0.00289994]], "x_data_max": [[381.812812, 197623.7101, 0.49853809]], "y_data_min": [-1907.332285], "y_data_max": [25286.547369479063]}, "map": {"x_data_columns": "list", "x_data": "numpy", "centres": "numpy", "basis_function": "str", "weights": "numpy", "sigma": "str", "regularization_parameter": "str", "rmse": "str", "R2": "str", "x_data_min": "numpy", "x_data_max": "numpy", "y_data_min": "numpy", "y_data_max": "numpy"}}}, "input_labels": ["temperature", "pressure", "mole_frac_1"], "output_labels": ["mole_frac_1_gas_phase", "enth_mol_gas_phase"], "input_bounds": {"temperature": [200, 600], "pressure": [50000, 200000], "mole_frac_1": [0, 0.5]}, "surrogate_type": "rbf"}