{"model_encoding": {"mole_frac_1_gas_phase": {"attr": {"x_data_columns": ["temperature", "pressure", "mole_frac_1"], "x_data": [[0.8737708063798235, 0.995384231280035, 0.8652211900960408], [0.5937446283349221, 0.8001971813268791, 0.25682349108921504], [0.6952787952650038, 0.6336945786588778, 0.9422755895606503], [0.6566957803579121, 0.7637683889510415, 0.8083225635476204], [0.3690484966206851, 0.44978984434092256, 0.8019390355645545], [0.35079940771854656, 0.9880766706400215, 1.0], [0.12700881572064315, 0.0, 0.5657558039065396], [1.0, 0.6850401289272173, 0.9769616402611462], [0.21059732740492096, 0.7181417791100808, 0.6117105190550808], [0.2906874613065661, 0.9894576669647135, 0.9956843314018503], [0.799439117543342, 0.8188880806759674, 0.5916884122015225], [0.0, 0.3524153983633463, 0.7504410626986644], [0.3549151631786107, 0.5764678343531794, 0.0], [0.6826214846110771, 1.0, 0.09072873022385383], [0.27756478271518015, 0.9582883868419009, 0.6100496703088736], [0.5420297052429083, 0.8814425925254599, 0.4287023910487924], [0.4849078542250082, 0.10927775698357718, 0.13695049503352394], [0.25646634541286867, 0.01656356119563813, 0.7129635198581868], [0.5151678720915945, 0.5198543778514149, 0.295598593449677], [0.92212500875074, 0.2766269070522587, 0.8741610184768869]], "centres": [[0.8737708063798235, 0.995384231280035, 0.8652211900960408], [0.5937446283349221, 0.8001971813268791, 0.25682349108921504], [0.6952787952650038, 0.6336945786588778, 0.9422755895606503], [0.6566957803579121, 0.7637683889510415, 0.8083225635476204], [0.3690484966206851, 0.44978984434092256, 0.8019390355645545], [0.35079940771854656, 0.9880766706400215, 1.0], [0.12700881572064315, 0.0, 0.5657558039065396], [1.0, 0.6850401289272173, 0.9769616402611462], [0.21059732740492096, 0.7181417791100808, 0.6117105190550808], [0.2906874613065661, 0.9894576669647135, 0.9956843314018503], [0.799439117543342, 0.8188880806759674, 0.5916884122015225], [0.0, 0.3524153983633463, 0.7504410626986644], [0.3549151631786107, 0.5764678343531794, 0.0], [0.6826214846110771, 1.0, 0.09072873022385383], [0.27756478271518015, 0.9582883868419009, 0.6100496703088736], [0.5420297052429083, 0.8814425925254599, 0.4287023910487924], [0.4849078542250082, 0.10927775698357718, 0.13695049503352394], [0.25646634541286867, 0.01656356119563813, 0.7129635198581868], [0.5151678720915945, 0.5198543778514149, 0.295598593449677], [0.92212500875074, 0.2766269070522587, 0.8741610184768869]], "basis_function": "gaussian", "weights": [[43.769578497645824], [9.410663622625776], [-124.19968288810162], [-134.2887974935157], [101.9281372214266], [14.033555027663027], [0.11060243210506115], [49.41717252971813], [40.956381455209545], [20.643452157925065], [50.298993166832446], [-31.464102276628537], [20.539016297495067], [-15.163137421067233], [-17.111371720971114], [-24.57854222338534], [-19.449014903031696], [-3.297691654506089], [-3.9685372180167136], [27.175785034252435]], "sigma": 0.5, "regularization_parameter": 0.0005, "rmse": 0.026647555453923912, "R2": 0.992212907203716, "x_data_min": [[207.698969, 58786.1212, 0.00289994]], "x_data_max": [[381.812812, 197623.7101, 0.49853809]], "y_data_min": [4.749303209837053e-06], "y_data_max": [0.4871194]}, "map": {"x_data_columns": "list", "x_data": "numpy", "centres": "numpy", "basis_function": "str", "weights": "numpy", "sigma": "str", "regularization_parameter": "str", "rmse": "str", "R2": "str", "x_data_min": "numpy", "x_data_max": "numpy", "y_data_min": "numpy", "y_data_max": "numpy"}}, "enth_mol_gas_phase": {"attr": {"x_data_columns": ["temperature", "pressure", "mole_frac_1"], "x_data": [[0.8737708063798235, 0.995384231280035, 0.8652211900960408], [0.5937446283349221, 0.8001971813268791, 0.25682349108921504], [0.6952787952650038, 0.6336945786588778, 0.9422755895606503], [0.6566957803579121, 0.7637683889510415, 0.8083225635476204], [0.3690484966206851, 0.44978984434092256, 0.8019390355645545], [0.35079940771854656, 0.9880766706400215, 1.0], [0.12700881572064315, 0.0, 0.5657558039065396], [1.0, 0.6850401289272173, 0.9769616402611462], [0.21059732740492096, 0.7181417791100808, 0.6117105190550808], [0.2906874613065661, 0.9894576669647135, 0.9956843314018503], [0.799439117543342, 0.8188880806759674, 0.5916884122015225], [0.0, 0.3524153983633463, 0.7504410626986644], [0.3549151631786107, 0.5764678343531794, 0.0], [0.6826214846110771, 1.0, 0.09072873022385383], [0.27756478271518015, 0.9582883868419009, 0.6100496703088736], [0.5420297052429083, 0.8814425925254599, 0.4287023910487924], [0.4849078542250082, 0.10927775698357718, 0.13695049503352394], [0.25646634541286867, 0.01656356119563813, 0.7129635198581868], [0.5151678720915945, 0.5198543778514149, 0.295598593449677], [0.92212500875074, 0.2766269070522587, 0.8741610184768869]], "centres": [[0.8737708063798235, 0.995384231280035, 0.8652211900960408], [0.5937446283349221, 0.8001971813268791, 0.25682349108921504], [0.6952787952650038, 0.6336945786588778, 0.9422755895606503], [0.6566957803579121, 0.7637683889510415, 0.8083225635476204], [0.3690484966206851, 0.44978984434092256, 0.8019390355645545], [0.35079940771854656, 0.9880766706400215, 1.0], [0.12700881572064315, 0.0, 0.5657558039065396], [1.0, 0.6850401289272173, 0.9769616402611462], [0.21059732740492096, 0.7181417791100808, 0.6117105190550808], [0.2906874613065661, 0.9894576669647135, 0.9956843314018503], [0.799439117543342, 0.8188880806759674, 0.5916884122015225], [0.0, 0.3524153983633463, 0.7504410626986644], [0.3549151631786107, 0.5764678343531794, 0.0], [0.6826214846110771, 1.0, 0.09072873022385383], [0.27756478271518015, 0.9582883868419009, 0.6100496703088736], [0.5420297052429083, 0.8814425925254599, 0.4287023910487924], [0.4849078542250082, 0.10927775698357718, 0.13695049503352394], [0.25646634541286867, 0.01656356119563813, 0.7129635198581868], [0.5151678720915945, 0.5198543778514149, 0.295598593449677], [0.92212500875074, 0.2766269070522587, 0.8741610184768869]], "basis_function": "gaussian", "weights": [[36.88443046648791], [7.224872638770762], [-104.00981725093862], [-110.73030727245288], [85.42387421569536], [12.027974662287122], [-1.0579814906599285], [42.652899736389145], [35.52976707794013], [16.27337962573484], [38.614662942581674], [-26.593808045897568], [15.31886503251377], [-10.669078047158099], [-14.748889055319793], [-20.331247107174704], [-14.826543360739596], [-2.0827722101944595], [-2.741612156498512], [21.975344340262872]], "sigma": 0.5, "regularization_parameter": 0.0005, "rmse": 0.022128515380984815, "R2": 0.9941104458270326, "x_data_min": [[207.698969, 58786.1212, 0.00289994]], "x_data_max": [[381.812812, 197623.7101, 0.49853809]], "y_data_min": [-1907.332285], "y_data_max": [25286.547369479063]}, "map": {"x_data_columns": "list", "x_data": "numpy", "centres": "numpy", "basis_function": "str", "weights": "numpy", "sigma": "str", "regularization_parameter": "str", "rmse": "str", "R2": "str", "x_data_min": "numpy", "x_data_max": "numpy", "y_data_min": "numpy", "y_data_max": "numpy"}}}, "input_labels": ["temperature", "pressure", "mole_frac_1"], "output_labels": ["mole_frac_1_gas_phase", "enth_mol_gas_phase"], "input_bounds": {"temperature": [200, 600], "pressure": [50000, 200000], "mole_frac_1": [0, 0.5]}, "surrogate_type": "rbf"}